eachBSPos,totalGridNum,benchmarkPrice,priceGrides,cashGrides,share,initCash,stepPercent,lowLimitPrice,highLimitPrice,cashUsageRate,maxPortfolio,maxPortfolioPrint
3100,10,0.939,"0.89, 0.9, 0.911, 0.922, 0.933, 0.944, 0.955, 0.966, 0.977, 0.988","2759.0, 5549.0, 8373.1, 11231.3, 14123.6, 17050.0, 20010.5, 23005.1, 26033.8, 29096.6",159652.SZ,35000,0.0117,0.88,1,0.9,35170.40700000001,"159652.SZ Final Portfolio Value: 35170.41, Net: 170.41, Percent: 0.49%, eachBSPos: 3100(è‚¡), stepPercent: 1.17%, benchmarkPrice: 0.94(å…ƒ) totalGridNum: 10(ä¸ª), Buy/Sell: 10/10, æŒä»“é‡  = 21700(è‚¡), ç°ä»· = 0.88(å…ƒ)"
3100,10,0.942,"0.891, 0.902, 0.913, 0.924, 0.935, 0.946, 0.957, 0.968, 0.98, 0.992","2762.1, 5558.3, 8388.6, 11253.0, 14151.5, 17084.1, 20050.8, 23051.6, 26089.6, 29164.8",159652.SZ,35000,0.012,0.88,1,0.9,35271.87000000001,"159652.SZ Final Portfolio Value: 35271.87, Net: 271.87, Percent: 0.78%, eachBSPos: 3100(è‚¡), stepPercent: 1.20%, benchmarkPrice: 0.94(å…ƒ) totalGridNum: 10(ä¸ª), Buy/Sell: 10/10, æŒä»“é‡  = 18600(è‚¡), ç°ä»· = 0.88(å…ƒ)"

3100,10,0.94,"0.89, 0.901, 0.912, 0.923, 0.934, 0.945, 0.956, 0.967, 0.979, 0.991","2759.0, 5552.1, 8379.3, 11240.6, 14136.0, 17065.5, 20029.1, 23026.8, 26061.7, 29133.8",159652.SZ,35000,0.0119,0.88,1,0.9,35271.87000000001,"159652.SZ Final Portfolio Value: 35271.87, Net: 271.87, Percent: 0.78%, eachBSPos: 3100(è‚¡), stepPercent: 1.19%, benchmarkPrice: 0.94(å…ƒ) totalGridNum: 10(ä¸ª), Buy/Sell: 10/10, æŒä»“é‡  = 18600(è‚¡), ç°ä»· = 0.88(å…ƒ)"
3100,10,0.942,"0.891, 0.902, 0.913, 0.924, 0.935, 0.946, 0.958, 0.97, 0.982, 0.994","2762.1, 5558.3, 8388.6, 11253.0, 14151.5, 17084.1, 20053.9, 23060.9, 26105.1, 29186.5",159652.SZ,35000,0.0122,0.88,1,0.9,35271.87000000001,"159652.SZ Final Portfolio Value: 35271.87, Net: 271.87, Percent: 0.78%, eachBSPos: 3100(è‚¡), stepPercent: 1.22%, benchmarkPrice: 0.94(å…ƒ) totalGridNum: 10(ä¸ª), Buy/Sell: 10/10, æŒä»“é‡  = 18600(è‚¡), ç°ä»· = 0.88(å…ƒ)"

3100,10,0.943,"0.891, 0.902, 0.913, 0.924, 0.935, 0.947, 0.959, 0.971, 0.983, 0.995","2762.1, 5558.3, 8388.6, 11253.0, 14151.5, 17087.2, 20060.1, 23070.2, 26117.5, 29202.0",159652.SZ,35000,0.0123,0.88,1,0.9,35271.87000000001,"159652.SZ Final Portfolio Value: 35271.87, Net: 271.87, Percent: 0.78%, eachBSPos: 3100(è‚¡), stepPercent: 1.23%, benchmarkPrice: 0.94(å…ƒ) totalGridNum: 10(ä¸ª), Buy/Sell: 10/10, æŒä»“é‡  = 18600(è‚¡), ç°ä»· = 0.88(å…ƒ)"
3100,10,0.944,"0.891, 0.902, 0.913, 0.924, 0.936, 0.948, 0.96, 0.972, 0.984, 0.996","2762.1, 5558.3, 8388.6, 11253.0, 14154.6, 17093.4, 20069.4, 23082.6, 26133.0, 29220.6",159652.SZ,35000,0.0125,0.88,1,0.9,35271.87000000001,"159652.SZ Final Portfolio Value: 35271.87, Net: 271.87, Percent: 0.78%, eachBSPos: 3100(è‚¡), stepPercent: 1.25%, benchmarkPrice: 0.94(å…ƒ) totalGridNum: 10(ä¸ª), Buy/Sell: 10/10, æŒä»“é‡  = 18600(è‚¡), ç°ä»· = 0.88(å…ƒ)"

3500,9,0.942,"0.892, 0.904, 0.916, 0.928, 0.94, 0.952, 0.965, 0.978, 0.991","3122.0, 6286.0, 9492.0, 12740.0, 16030.0, 19362.0, 22739.5, 26162.5, 29631.0",159652.SZ,35000,0.0132,0.88,1,0.9,35306.94999999999,"159652.SZ Final Portfolio Value: 35306.95, Net: 306.95, Percent: 0.88%, eachBSPos: 3500(è‚¡), stepPercent: 1.32%, benchmarkPrice: 0.94(å…ƒ) totalGridNum: 9(ä¸ª), Buy/Sell: 10/10, æŒä»“é‡  = 21000(è‚¡), ç°ä»· = 0.88(å…ƒ)"3500,9,0.94,"0.891, 0.903, 0.915, 0.927, 0.939, 0.951, 0.963, 0.976, 0.989","3118.5, 6279.0, 9481.5, 12726.0, 16012.5, 19341.0, 22711.5, 26127.5, 29589.0",159652.SZ,35000,0.013,0.88,1,0.9,35306.94999999999,"159652.SZ Final Portfolio Value: 35306.95, Net: 306.95, Percent: 0.88%, eachBSPos: 3500(è‚¡), stepPercent: 1.30%, benchmarkPrice: 0.94(å…ƒ) totalGridNum: 9(ä¸ª), Buy/Sell: 10/10, æŒä»“é‡  = 21000(è‚¡), ç°ä»· = 0.88(å…ƒ)"
3100,10,0.946,"0.891, 0.902, 0.914, 0.926, 0.938, 0.95, 0.962, 0.974, 0.987, 1.0","2762.1, 5558.3, 8391.7, 11262.3, 14170.1, 17115.1, 20097.3, 23116.7, 26176.4, 29276.4",159652.SZ,35000,0.0129,0.88,1,0.9,35271.87000000001,"159652.SZ Final Portfolio Value: 35271.87, Net: 271.87, Percent: 0.78%, eachBSPos: 3100(è‚¡), stepPercent: 1.29%, benchmarkPrice: 0.95(å…ƒ) totalGridNum: 10(ä¸ª), Buy/Sell: 10/10, æŒä»“é‡  = 18600(è‚¡), ç°ä»· = 0.88(å…ƒ)"
"
3500,9,0.942,"0.892, 0.904, 0.916, 0.928, 0.941, 0.954, 0.967, 0.98, 0.993","3122.0, 6286.0, 9492.0, 12740.0, 16033.5, 19372.5, 22757.0, 26187.0, 29662.5",159652.SZ,35000,0.0135,0.88,1,0.9,35306.94999999999,"159652.SZ Final Portfolio Value: 35306.95, Net: 306.95, Percent: 0.88%, eachBSPos: 3500(è‚¡), stepPercent: 1.35%, benchmarkPrice: 0.94(å…ƒ) totalGridNum: 9(ä¸ª), Buy/Sell: 10/10, æŒä»“é‡  = 21000(è‚¡), ç°ä»· = 0.88(å…ƒ)"
3500,9,0.942,"0.892, 0.904, 0.916, 0.928, 0.94, 0.953, 0.966, 0.979, 0.992","3122.0, 6286.0, 9492.0, 12740.0, 16030.0, 19365.5, 22746.5, 26173.0, 29645.0",159652.SZ,35000,0.0134,0.88,1,0.9,35306.94999999999,"159652.SZ Final Portfolio Value: 35306.95, Net: 306.95, Percent: 0.88%, eachBSPos: 3500(è‚¡), stepPercent: 1.34%, benchmarkPrice: 0.94(å…ƒ) totalGridNum: 9(ä¸ª), Buy/Sell: 10/10, æŒä»“é‡  = 21000(è‚¡), ç°ä»· = 0.88(å…ƒ)"
3500,9,0.944,"0.892, 0.904, 0.916, 0.929, 0.942, 0.955, 0.968, 0.981, 0.995","3122.0, 6286.0, 9492.0, 12743.5, 16040.5, 19383.0, 22771.0, 26204.5, 29687.0",159652.SZ,35000,0.0138,0.88,1,0.9,35421.50499999999,"159652.SZ Final Portfolio Value: 35421.50, Net: 421.50, Percent: 1.20%, eachBSPos: 3500(è‚¡), stepPercent: 1.38%, benchmarkPrice: 0.94(å…ƒ) totalGridNum: 9(ä¸ª), Buy/Sell: 10/10, æŒä»“é‡  = 17500(è‚¡), ç°ä»· = 0.88(å…ƒ)"
3400,9,0.945,"0.892, 0.905, 0.918, 0.931, 0.944, 0.957, 0.97, 0.984, 0.998","3032.8, 6109.8, 9231.0, 12396.4, 15606.0, 18859.8, 22157.8, 25503.4, 28896.6",159652.SZ,35000,0.0141,0.88,1,0.9,35409.462,"159652.SZ Final Portfolio Value: 35409.46, Net: 409.46, Percent: 1.17%, eachBSPos: 3400(è‚¡), stepPercent: 1.41%, benchmarkPrice: 0.94(å…ƒ) totalGridNum: 9(ä¸ª), Buy/Sell: 10/10, æŒä»“é‡  = 17000(è‚¡), ç°ä»· = 0.88(å…ƒ)"

3900,8,0.94,"0.893, 0.906, 0.919, 0.932, 0.945, 0.959, 0.973, 0.987","3482.7, 7016.1, 10600.2, 14235.0, 17920.5, 21660.6, 25455.3, 29304.6",159652.SZ,35000,0.0144,0.88,1,0.9,35469.67700000001,"159652.SZ Final Portfolio Value: 35469.68, Net: 469.68, Percent: 1.34%, eachBSPos: 3900(è‚¡), stepPercent: 1.44%, benchmarkPrice: 0.94(å…ƒ) totalGridNum: 8(ä¸ª), Buy/Sell: 10/10, æŒä»“é‡  = 19500(è‚¡), ç°ä»· = 0.88(å…ƒ)"

3900,8,0.941,"0.893, 0.906, 0.919, 0.933, 0.947, 0.961, 0.975, 0.989","3482.7, 7016.1, 10600.2, 14238.9, 17932.2, 21680.1, 25482.6, 29339.7",159652.SZ,35000,0.0148,0.88,1,0.9,35469.67700000001,"159652.SZ Final Portfolio Value: 35469.68, Net: 469.68, Percent: 1.34%, eachBSPos: 3900(è‚¡), stepPercent: 1.48%, benchmarkPrice: 0.94(å…ƒ) totalGridNum: 8(ä¸ª), Buy/Sell: 10/10, æŒä»“é‡  = 19500(è‚¡), ç°ä»· = 0.88(å…ƒ)"
3900,8,0.94,"0.893, 0.906, 0.919, 0.932, 0.946, 0.96, 0.974, 0.988","3482.7, 7016.1, 10600.2, 14235.0, 17924.4, 21668.4, 25467.0, 29320.2",159652.SZ,35000,0.0146,0.88,1,0.9,35469.67700000001,"159652.SZ Final Portfolio Value: 35469.68, Net: 469.68, Percent: 1.34%, eachBSPos: 3900(è‚¡), stepPercent: 1.46%, benchmarkPrice: 0.94(å…ƒ) totalGridNum: 8(ä¸ª), Buy/Sell: 10/10, æŒä»“é‡  = 19500(è‚¡), ç°ä»· = 0.88(å…ƒ)"

3900,8,0.944,"0.893, 0.907, 0.921, 0.935, 0.949, 0.964, 0.979, 0.994","3482.7, 7020.0, 10611.9, 14258.4, 17959.5, 21719.1, 25537.2, 29413.8",159652.SZ,35000,0.0153,0.88,1,0.9,35469.67700000001,"159652.SZ Final Portfolio Value: 35469.68, Net: 469.68, Percent: 1.34%, eachBSPos: 3900(è‚¡), stepPercent: 1.53%, benchmarkPrice: 0.94(å…ƒ) totalGridNum: 8(ä¸ª), Buy/Sell: 10/10, æŒä»“é‡  = 19500(è‚¡), ç°ä»· = 0.88(å…ƒ)"33900,8,0.942,"0.893, 0.906, 0.92, 0.934, 0.948, 0.962, 0.976, 0.991","3482.7, 7016.1, 10604.1, 14246.7, 17943.9, 21695.7, 25502.1, 29367.0",159652.SZ,35000,0.015,0.88,1,0.9,35469.67700000001,"159652.SZ Final Portfolio Value: 35469.68, Net: 469.68, Percent: 1.34%, eachBSPos: 3900(è‚¡), stepPercent: 1.50%, benchmarkPrice: 0.94(å…ƒ) totalGridNum: 8(ä¸ª), Buy/Sell: 10/10, æŒä»“é‡  = 19500(è‚¡), ç°ä»· = 0.88(å…ƒ)"

3900,8,0.944,"0.894, 0.908, 0.922, 0.936, 0.95, 0.965, 0.98, 0.995","3486.6, 7027.8, 10623.6, 14274.0, 17979.0, 21742.5, 25564.5, 29445.0",159652.SZ,35000,0.0154,0.88,1,0.9,35469.67700000001,"159652.SZ Final Portfolio Value: 35469.68, Net: 469.68, Percent: 1.34%, eachBSPos: 3900(è‚¡), stepPercent: 1.54%, benchmarkPrice: 0.94(å…ƒ) totalGridNum: 8(ä¸ª), Buy/Sell: 10/10, æŒä»“é‡  = 19500(è‚¡), ç°ä»· = 0.88(å…ƒ)"

3900,8,0.946,"0.894, 0.908, 0.923, 0.938, 0.953, 0.968, 0.983, 0.999","3486.6, 7027.8, 10627.5, 14285.7, 18002.4, 21777.6, 25611.3, 29507.4",159652.SZ,35000,0.016,0.88,1,0.9,35597.32400000001,"159652.SZ Final Portfolio Value: 35597.32, Net: 597.32, Percent: 1.71%, eachBSPos: 3900(è‚¡), stepPercent: 1.60%, benchmarkPrice: 0.95(å…ƒ) totalGridNum: 8(ä¸ª), Buy/Sell: 10/10, æŒä»“é‡  = 15600(è‚¡), ç°ä»· = 0.88(å…ƒ)"

3900,8,0.947,"0.894, 0.908, 0.923, 0.938, 0.953, 0.968, 0.984, 1.0","3486.6, 7027.8, 10627.5, 14285.7, 18002.4, 21777.6, 25615.2, 29515.2",159652.SZ,35000,0.0161,0.88,1,0.9,35597.32400000001,"159652.SZ Final Portfolio Value: 35597.32, Net: 597.32, Percent: 1.71%, eachBSPos: 3900(è‚¡), stepPercent: 1.61%, benchmarkPrice: 0.95(å…ƒ) totalGridNum: 8(ä¸ª), Buy/Sell: 10/10, æŒä»“é‡  = 15600(è‚¡), ç°ä»· = 0.88(å…ƒ)"
4500,7,0.942,"0.895, 0.91, 0.925, 0.941, 0.957, 0.973, 0.989","4027.5, 8122.5, 12285.0, 16519.5, 20826.0, 25204.5, 29655.0",159652.SZ,35000,0.0168,0.88,1,0.9,35689.22,"159652.SZ Final Portfolio Value: 35689.22, Net: 689.22, Percent: 1.97%, eachBSPos: 4500(è‚¡), stepPercent: 1.68%, benchmarkPrice: 0.94(å…ƒ) totalGridNum: 7(ä¸ª), Buy/Sell: 10/10, æŒä»“é‡  = 18000(è‚¡), ç°ä»· = 0.88(å…ƒ)"
4500,7,0.942,"0.895, 0.91, 0.925, 0.94, 0.956, 0.972, 0.988","4027.5, 8122.5, 12285.0, 16515.0, 20817.0, 25191.0, 29637.0",159652.SZ,35000,0.0165,0.88,1,0.9,35689.22,"159652.SZ Final Portfolio Value: 35689.22, Net: 689.22, Percent: 1.97%, eachBSPos: 4500(è‚¡), stepPercent: 1.65%, benchmarkPrice: 0.94(å…ƒ) totalGridNum: 7(ä¸ª), Buy/Sell: 10/10, æŒä»“é‡  = 18000(è‚¡), ç°ä»· = 0.88(å…ƒ)"
4500,7,0.943,"0.895, 0.91, 0.926, 0.942, 0.958, 0.974, 0.991","4027.5, 8122.5, 12289.5, 16528.5, 20839.5, 25222.5, 29682.0",159652.SZ,35000,0.0172,0.88,1,0.9,35689.22,"159652.SZ Final Portfolio Value: 35689.22, Net: 689.22, Percent: 1.97%, eachBSPos: 4500(è‚¡), stepPercent: 1.72%, benchmarkPrice: 0.94(å…ƒ) totalGridNum: 7(ä¸ª), Buy/Sell: 10/10, æŒä»“é‡  = 18000(è‚¡), ç°ä»· = 0.88(å…ƒ)"

4500,7,0.944,"0.895, 0.911, 0.927, 0.943, 0.96, 0.977, 0.994","4027.5, 8127.0, 12298.5, 16542.0, 20862.0, 25258.5, 29731.5",159652.SZ,35000,0.0176,0.88,1,0.9,35689.22,"159652.SZ Final Portfolio Value: 35689.22, Net: 689.22, Percent: 1.97%, eachBSPos: 4500(è‚¡), stepPercent: 1.76%, benchmarkPrice: 0.94(å…ƒ) totalGridNum: 7(ä¸ª), Buy/Sell: 10/10, æŒä»“é‡  = 18000(è‚¡), ç°ä»· = 0.88(å…ƒ)"

4400,7,0.946,"0.896, 0.912, 0.928, 0.945, 0.962, 0.979, 0.997","3942.4, 7955.2, 12038.4, 16196.4, 20429.2, 24736.8, 29123.6",159652.SZ,35000,0.0179,0.88,1,0.9,35673.90400000001,"159652.SZ Final Portfolio Value: 35673.90, Net: 673.90, Percent: 1.93%, eachBSPos: 4400(è‚¡), stepPercent: 1.79%, benchmarkPrice: 0.95(å…ƒ) totalGridNum: 7(ä¸ª), Buy/Sell: 10/10, æŒä»“é‡  = 17600(è‚¡), ç°ä»· = 0.88(å…ƒ)"
5300,6,0.94,"0.896, 0.913, 0.93, 0.947, 0.965, 0.983","4748.8, 9587.7, 14516.7, 19535.8, 24650.3, 29860.2",159652.SZ,35000,0.0185,0.88,1,0.9,35811.748,"159652.SZ Final Portfolio Value: 35811.75, Net: 811.75, Percent: 2.32%, eachBSPos: 5300(è‚¡), stepPercent: 1.85%, benchmarkPrice: 0.94(å…ƒ) totalGridNum: 6(ä¸ª), Buy/Sell: 10/10, æŒä»“é‡  = 21200(è‚¡), ç°ä»· = 0.88(å…ƒ)"
‚¡), ç°ä»· = 0.88(å…ƒ)"
5300,6,0.941,"0.897, 0.914, 0.931, 0.949, 0.967, 0.985","4754.1, 9598.3, 14532.6, 19562.3, 24687.4, 29907.9",159652.SZ,35000,0.0191,0.88,1,0.9,35985.217,"159652.SZ Final Portfolio Value: 35985.22, Net: 985.22, Percent: 2.81%, eachBSPos: 5300(è‚¡), stepPercent: 1.91%, benchmarkPrice: 0.94(å…ƒ) totalGridNum: 6(ä¸ª), Buy/Sell: 10/10, æŒä»“é‡  = 15900(è‚¡), ç°ä»· = 0.88(å…ƒ)"5300,6,0.941,"0.897, 0.914, 0.931, 0.949, 0.967, 0.985","4754.1, 9598.3, 14532.6, 19562.3, 24687.4, 29907.9",159652.SZ,35000,0.0189,0.88,1,0.9,35811.748,"159652.SZ Final Portfolio Value: 35811.75, Net: 811.75, Percent: 2.32%, eachBSPos: 5300(è‚¡), stepPercent: 1.89%, benchmarkPrice: 0.94(å…ƒ) totalGridNum: 6(ä¸ª), Buy/Sell: 10/10, æŒä»“é‡  = 21200(è‚¡), ç°ä»· = 0.88(å…ƒ)"
5300,6,0.942,"0.897, 0.914, 0.932, 0.95, 0.968, 0.987","4754.1, 9598.3, 14537.9, 19572.9, 24703.3, 29934.4",159652.SZ,35000,0.0192,0.88,1,0.9,35985.217,"159652.SZ Final Portfolio Value: 35985.22, Net: 985.22, Percent: 2.81%, eachBSPos: 5300(è‚¡), stepPercent: 1.92%, benchmarkPrice: 0.94(å…ƒ) totalGridNum: 6(ä¸ª), Buy/Sell: 10/10, æŒä»“é‡  = 15900(è‚¡), ç°ä»· = 0.88(å…ƒ)"
(å…ƒ)"
5200,6,0.943,"0.897, 0.915, 0.933, 0.951, 0.97, 0.989","4664.4, 9422.4, 14274.0, 19219.2, 24263.2, 29406.0",159652.SZ,35000,0.0198,0.88,1,0.9,35966.62799999999,"159652.SZ Final Portfolio Value: 35966.63, Net: 966.63, Percent: 2.76%, eachBSPos: 5200(è‚¡), stepPercent: 1.98%, benchmarkPrice: 0.94(å…ƒ) totalGridNum: 6(ä¸ª), Buy/Sell: 10/10, æŒä»“é‡  = 15600(è‚¡), ç°ä»· = 0.88(å…ƒ)"
5200,6,0.946,"0.898, 0.916, 0.935, 0.954, 0.973, 0.993","4669.6, 9432.8, 14294.8, 19255.6, 24315.2, 29478.8",159652.SZ,35000,0.0202,0.88,1,0.9,35966.62799999999,"159652.SZ Final Portfolio Value: 35966.63, Net: 966.63, Percent: 2.76%, eachBSPos: 5200(è‚¡), stepPercent: 2.02%, benchmarkPrice: 0.95(å…ƒ) totalGridNum: 6(ä¸ª), Buy/Sell: 10/10, æŒä»“é‡  = 15600(è‚¡), ç°ä»· = 0.88(å…ƒ)"
5200,6,0.944,"0.898, 0.916, 0.934, 0.953, 0.972, 0.991","4669.6, 9432.8, 14289.6, 19245.2, 24299.6, 29452.8",159652.SZ,35000,0.0199,0.88,1,0.9,35966.62799999999,"159652.SZ Final Portfolio Value: 35966.63, Net: 966.63, Percent: 2.76%, eachBSPos: 5200(è‚¡), stepPercent: 1.99%, benchmarkPrice: 0.94(å…ƒ) totalGridNum: 6(ä¸ª), Buy/Sell: 10/10, æŒä»“é‡  = 15600(è‚¡), ç°ä»· = 0.88(å…ƒ)"
5200,6,0.944,"0.898, 0.916, 0.934, 0.953, 0.972, 0.991","4669.6, 9432.8, 14289.6, 19245.2, 24299.6, 29452.8",159652.SZ,35000,0.02,0.88,1,0.9,35966.62799999999,"159652.SZ Final Portfolio Value: 35966.63, Net: 966.63, Percent: 2.76%, eachBSPos: 5200(è‚¡), stepPercent: 2.00%, benchmarkPrice: 0.94(å…ƒ) totalGridNum: 6(ä¸ª), Buy/Sell: 10/10, æŒä»“é‡  = 15600(è‚¡), ç°ä»· = 0.88(å…ƒ)"
5200,6,0.946,"0.898, 0.916, 0.935, 0.954, 0.974, 0.994","4669.6, 9432.8, 14294.8, 19255.6, 24320.4, 29489.2",159652.SZ,35000,0.0205,0.88,1,0.9,35966.62799999999,"159652.SZ Final Portfolio Value: 35966.63, Net: 966.63, Percent: 2.76%, eachBSPos: 5200(è‚¡), stepPercent: 2.05%, benchmarkPrice: 0.95(å…ƒ) totalGridNum: 6(ä¸ª), Buy/Sell: 10/10, æŒä»“é‡  = 15600(è‚¡), ç°ä»· = 0.88(å…ƒ)"
5200,6,0.946,"0.898, 0.917, 0.936, 0.955, 0.975, 0.995","4669.6, 9438.0, 14305.2, 19271.2, 24341.2, 29515.2",159652.SZ,35000,0.0208,0.88,1,0.9,35966.62799999999,"159652.SZ Final Portfolio Value: 35966.63, Net: 966.63, Percent: 2.76%, eachBSPos: 5200(è‚¡), stepPercent: 2.08%, benchmarkPrice: 0.95(å…ƒ) totalGridNum: 6(ä¸ª), Buy/Sell: 10/10, æŒä»“é‡  = 15600(è‚¡), ç°ä»· = 0.88(å…ƒ)"
5200,6,0.947,"0.898, 0.917, 0.936, 0.956, 0.976, 0.996","4669.6, 9438.0, 14305.2, 19276.4, 24351.6, 29530.8",159652.SZ,35000,0.021,0.88,1,0.9,36167.712,"159652.SZ Final Portfolio Value: 36167.71, Net: 1167.71, Percent: 3.34%, eachBSPos: 5200(è‚¡), stepPercent: 2.10%, benchmarkPrice: 0.95(å…ƒ) totalGridNum: 6(ä¸ª), Buy/Sell: 8/9, æŒä»“é‡  = 10400(è‚¡), ç°ä»· = 0.88(å…ƒ)"
(å…ƒ)"
5200,6,0.95,"0.899, 0.918, 0.938, 0.958, 0.979, 1.0","4674.8, 9448.4, 14326.0, 19307.6, 24398.4, 29598.4",159652.SZ,35000,0.0216,0.88,1,0.9,35765.12799999999,"159652.SZ Final Portfolio Value: 35765.13, Net: 765.13, Percent: 2.19%, eachBSPos: 5200(è‚¡), stepPercent: 2.16%, benchmarkPrice: 0.95(å…ƒ) totalGridNum: 6(ä¸ª), Buy/Sell: 8/8, æŒä»“é‡  = 15600(è‚¡), ç°ä»· =5200,6,0.95,"0.899, 0.918, 0.938, 0.958, 0.979, 1.0","4674.8, 9448.4, 14326.0, 19307.6, 24398.4, 29598.4",159652.SZ,35000,0.0215,0.88,1,0.9,35816.97199999999,"159652.SZ Final Portfolio Value: 35816.97, Net: 816.97, Percent: 2.33%, eachBSPos: 5200(è‚¡), stepPercent: 2.15%, benchmarkPrice: 0.95(å…ƒ) totalGridNum: 6(ä¸ª), Buy/Sell: 8/8, æŒä»“é‡  = 15600(è‚¡), ç°ä»· = 0.88(å…ƒ)"
6400,5,0.94,"0.899, 0.919, 0.939, 0.959, 0.98","5753.6, 11635.2, 17644.8, 23782.4, 30054.4",159652.SZ,35000,0.0218,0.88,1,0.9,35941.695999999996,"159652.SZ Final Portfolio Value: 35941.70, Net: 941.70, Percent: 2.69%, eachBSPos: 6400(è‚¡), stepPercent: 2.18%, benchmarkPrice: 0.94(å…ƒ) totalGridNum: 5(ä¸ª), Buy/Sell: 8/8, æŒä»“é‡  = 19200(è‚¡), ç°ä»· = 0.88(å…ƒ)"
6300,5,0.942,"0.9, 0.92, 0.941, 0.962, 0.984","5670.0, 11466.0, 17394.3, 23454.9, 29654.1",159652.SZ,35000,0.0224,0.88,1,0.9,35736.65899999999,"159652.SZ Final Portfolio Value: 35736.66, Net: 736.66, Percent: 2.10%, eachBSPos: 6300(è‚¡), stepPercent: 2.24%, benchmarkPrice: 0.94(å…ƒ) totalGridNum: 5(ä¸ª), Buy/Sell: 8/8, æŒä»“é‡  = 18900(è‚¡), ç°ä»· = 0.88(å…ƒ)"
6300,5,0.942,"0.9, 0.92, 0.941, 0.962, 0.984","5670.0, 11466.0, 17394.3, 23454.9, 29654.1",159652.SZ,35000,0.0227,0.88,1,0.9,35736.65899999999,"159652.SZ Final Portfolio Value: 35736.66, Net: 736.66, Percent: 2.10%, eachBSPos: 6300(è‚¡), stepPercent: 2.27%, benchmarkPrice: 0.94(å…ƒ) totalGridNum: 5(ä¸ª), Buy/Sell: 8/8, æŒä»“é‡  = 18900(è‚¡), ç°ä»· = 0.88(å…ƒ)"
6300,5,0.943,"0.9, 0.921, 0.942, 0.964, 0.986","5670.0, 11472.3, 17406.9, 23480.1, 29691.9",159652.SZ,35000,0.023,0.88,1,0.9,35564.85799999999,"159652.SZ Final Portfolio Value: 35564.86, Net: 564.86, Percent: 1.61%, eachBSPos: 6300(è‚¡), stepPercent: 2.30%, benchmarkPrice: 0.94(å…ƒ) totalGridNum: 5(ä¸ª), Buy/Sell: 8/7, æŒä»“é‡  = 25200(è‚¡), ç°ä»· = 0.88(å…ƒ)"

6300,5,0.943,"0.9, 0.921, 0.942, 0.964, 0.986","5670.0, 11472.3, 17406.9, 23480.1, 29691.9",159652.SZ,35000,0.0231,0.88,1,0.9,35564.85799999999,"159652.SZ Final Portfolio Value: 35564.86, Net: 564.86, Percent: 1.61%, eachBSPos: 6300(è‚¡), stepPercent: 2.31%, benchmarkPrice: 0.94(å…ƒ) totalGridNum: 5(ä¸ª), Buy/Sell: 8/7, æŒä»“é‡  = 25200(è‚¡), ç°ä»· = 0.88(å…ƒ)"

6300,5,0.945,"0.901, 0.922, 0.944, 0.966, 0.989","5676.3, 11484.9, 17432.1, 23517.9, 29748.6",159652.SZ,35000,0.0234,0.88,1,0.9,35564.85799999999,"159652.SZ Final Portfolio Value: 35564.86, Net: 564.86, Percent: 1.61%, eachBSPos: 6300(è‚¡), stepPercent: 2.34%, benchmarkPrice: 0.94(å…ƒ) totalGridNum: 5(ä¸ª), Buy/Sell: 8/7, æŒä»“é‡  = 25200(è‚¡), ç°ä»· = 0.88(å…ƒ)"
6300,5,0.945,"0.901, 0.922, 0.944, 0.966, 0.989","5676.3, 11484.9, 17432.1, 23517.9, 29748.6",159652.SZ,35000,0.0237,0.88,1,0.9,35564.85799999999,"159652.SZ Final Portfolio Value: 35564.86, Net: 564.86, Percent: 1.61%, eachBSPos: 6300(è‚¡), stepPercent: 2.37%, benchmarkPrice: 0.94(å…ƒ) totalGridNum: 5(ä¸ª), Buy/Sell: 8/7, æŒä»“é‡  = 25200(è‚¡), ç°ä»· = 0.88(å…ƒ)"
6300,5,0.946,"0.901, 0.923, 0.945, 0.968, 0.991","5676.3, 11491.2, 17444.7, 23543.1, 29786.4",159652.SZ,35000,0.0242,0.88,1,0.9,35771.057,"159652.SZ Final Portfolio Value: 35771.06, Net: 771.06, Percent: 2.20%, eachBSPos: 6300(è‚¡), stepPercent: 2.42%, benchmarkPrice: 0.95(å…ƒ) totalGridNum: 5(ä¸ª), Buy/Sell: 8/7, æŒä»“é‡  = 18900(è‚¡), ç°ä»· = 0.88(å…ƒ)"
(å…ƒ)"
6300,5,0.948,"0.902, 0.924, 0.947, 0.97, 0.994","5682.6, 11503.8, 17469.9, 23580.9, 29843.1",159652.SZ,35000,0.0247,0.88,1,0.9,35771.057,"159652.SZ Final Portfolio Value: 35771.06, Net: 771.06, Percent: 2.20%, eachBSPos: 6300(è‚¡), stepPercent: 2.47%, benchmarkPrice: 0.95(å…ƒ) totalGridNum: 5(ä¸ª), Buy/Sell: 8/7, æŒä»“é‡  = 18900(è‚¡), ç°ä»· = 0.88(å…ƒ)"
6300,5,0.946,"0.901, 0.923, 0.945, 0.968, 0.992","5676.3, 11491.2, 17444.7, 23543.1, 29792.7",159652.SZ,35000,0.0243,0.88,1,0.9,35771.057,"159652.SZ Final Portfolio Value: 35771.06, Net: 771.06, Percent: 2.20%, eachBSPos: 6300(è‚¡), stepPercent: 2.43%, benchmarkPrice: 0.95(å…ƒ) totalGridNum: 5(ä¸ª), Buy/Sell: 8/7, æŒä»“é‡  = 18900(è‚¡), ç°ä»· = 0.88(å…ƒ)"
6300,5,0.947,"0.901, 0.923, 0.946, 0.969, 0.993","5676.3, 11491.2, 17451.0, 23555.7, 29811.6",159652.SZ,35000,0.0244,0.88,1,0.9,35771.057,"159652.SZ Final Portfolio Value: 35771.06, Net: 771.06, Percent: 2.20%, eachBSPos: 6300(è‚¡), stepPercent: 2.44%, benchmarkPrice: 0.95(å…ƒ) totalGridNum: 5(ä¸ª), Buy/Sell: 8/7, æŒä»“é‡  = 18900(è‚¡), ç°ä»· = 0.88(å…ƒ)"
6300,5,0.948,"0.902, 0.924, 0.947, 0.97, 0.994","5682.6, 11503.8, 17469.9, 23580.9, 29843.1",159652.SZ,35000,0.0245,0.88,1,0.9,35771.057,"159652.SZ Final Portfolio Value: 35771.06, Net: 771.06, Percent: 2.20%, eachBSPos: 6300(è‚¡), stepPercent: 2.45%, benchmarkPrice: 0.95(å…ƒ) totalGridNum: 5(ä¸ª), Buy/Sell: 8/7, æŒä»“é‡  = 18900(è‚¡), ç°ä»· = 0.88(å…ƒ)"
6300,5,0.948,"0.902, 0.924, 0.947, 0.971, 0.995","5682.6, 11503.8, 17469.9, 23587.2, 29855.7",159652.SZ,35000,0.0249,0.88,1,0.9,35771.057,"159652.SZ Final Portfolio Value: 35771.06, Net: 771.06, Percent: 2.20%, eachBSPos: 6300(è‚¡), stepPercent: 2.49%, benchmarkPrice: 0.95(å…ƒ) totalGridNum: 5(ä¸ª), Buy/Sell: 8/7, æŒä»“é‡  = 18900(è‚¡), ç°ä»· = 0.88(å…ƒ)"
6300,5,0.949,"0.902, 0.925, 0.948, 0.972, 0.996","5682.6, 11510.1, 17482.5, 23606.1, 29880.9",159652.SZ,35000,0.0252,0.88,1,0.9,35771.057,"159652.SZ Final Portfolio Value: 35771.06, Net: 771.06, Percent: 2.20%, eachBSPos: 6300(è‚¡), stepPercent: 2.52%, benchmarkPrice: 0.95(å…ƒ) totalGridNum: 5(ä¸ª), Buy/Sell: 8/7, æŒä»“é‡  = 18900(è‚¡), ç°ä»· = 0.88(å…ƒ)"
300,5,0.949,"0.902, 0.925, 0.948, 0.972, 0.996","5682.6, 11510.1, 17482.5, 23606.1, 29880.9",159652.SZ,35000,0.025,0.88,1,0.9,35771.057,"159652.SZ Final Portfolio Value: 35771.06, Net: 771.06, Percent: 2.20%, eachBSPos: 6300(è‚¡), stepPercent: 2.50%, benchmarkPrice: 0.95(å…ƒ) totalGridNum: 5(ä¸ª), Buy/Sell: 8/7, æŒä»“é‡  = 18900(è‚¡), ç°ä»· = 0.88(å…ƒ)"
6200,5,0.951,"0.903, 0.926, 0.95, 0.974, 0.999","5598.6, 11339.8, 17229.8, 23268.6, 29462.4",159652.SZ,35000,0.0256,0.88,1,0.9,35758.818,"159652.SZ Final Portfolio Value: 35758.82, Net: 758.82, Percent: 2.17%, eachBSPos: 6200(è‚¡), stepPercent: 2.56%, benchmarkPrice: 0.95(å…ƒ) totalGridNum: 5(ä¸ª), Buy/Sell: 8/7, æŒä»“é‡  = 18600(è‚¡), ç°ä»· = 0.88(å…ƒ)"
8000,4,0.94,"0.903, 0.927, 0.951, 0.976","7224.0, 14640.0, 22248.0, 30056.0",159652.SZ,35000,0.0262,0.88,1,0.9,35979.119999999995,"159652.SZ Final Portfolio Value: 35979.12, Net: 979.12, Percent: 2.80%, eachBSPos: 8000(è‚¡), stepPercent: 2.62%, benchmarkPrice: 0.94(å…ƒ) totalGridNum: 4(ä¸ª), Buy/Sell: 8/7, æŒä»“é‡  = 24000(è‚¡), ç°ä»· = 0.88(å…ƒ)"
8000,4,0.942,"0.904, 0.928, 0.953, 0.979","7232.0, 14656.0, 22280.0, 30112.0",159652.SZ,35000,0.027,0.88,1,0.9,35979.119999999995,"159652.SZ Final Portfolio Value: 35979.12, Net: 979.12, Percent: 2.80%, eachBSPos: 8000(è‚¡), stepPercent: 2.70%, benchmarkPrice: 0.94(å…ƒ) totalGridNum: 4(ä¸ª), Buy/Sell: 8/7, æŒä»“é‡  = 24000(è‚¡), ç°ä»· = 0.88(å…ƒ)"

8000,4,0.94,"0.903, 0.927, 0.952, 0.977","7224.0, 14640.0, 22256.0, 30072.0",159652.SZ,35000,0.0266,0.88,1,0.9,35979.119999999995,"159652.SZ Final Portfolio Value: 35979.12, Net: 979.12, Percent: 2.80%, eachBSPos: 8000(è‚¡), stepPercent: 2.66%, benchmarkPrice: 0.94(å…ƒ) totalGridNum: 4(ä¸ª), Buy/Sell: 8/7, æŒä»“é‡  = 24000(è‚¡), ç°ä»· = 0.88(å…ƒ)"

8000,4,0.94,"0.903, 0.927, 0.952, 0.977","7224.0, 14640.0, 22256.0, 30072.0",159652.SZ,35000,0.0267,0.88,1,0.9,35979.119999999995,"159652.SZ Final Portfolio Value: 35979.12, Net: 979.12, Percent: 2.80%, eachBSPos: 8000(è‚¡), stepPercent: 2.67%, benchmarkPrice: 0.94(å…ƒ) totalGridNum: 4(ä¸ª), Buy/Sell: 8/7, æŒä»“é‡  = 24000(è‚¡), ç°ä»· = 0.88(å…ƒ)"
8000,4,0.942,"0.904, 0.929, 0.954, 0.98","7232.0, 14664.0, 22296.0, 30136.0",159652.SZ,35000,0.0274,0.88,1,0.9,35979.119999999995,"159652.SZ Final Portfolio Value: 35979.12, Net: 979.12, Percent: 2.80%, eachBSPos: 8000(è‚¡), stepPercent: 2.74%, benchmarkPrice: 0.94(å…ƒ) totalGridNum: 4(ä¸ª), Buy/Sell: 8/7, æŒä»“é‡  = 24000(è‚¡), ç°ä»· = 0.88(å…ƒ)"

8000,4,0.942,"0.904, 0.929, 0.954, 0.98","7232.0, 14664.0, 22296.0, 30136.0",159652.SZ,35000,0.0272,0.88,1,0.9,35979.119999999995,"159652.SZ Final Portfolio Value: 35979.12, Net: 979.12, Percent: 2.80%, eachBSPos: 8000(è‚¡), stepPercent: 2.72%, benchmarkPrice: 0.94(å…ƒ) totalGridNum: 4(ä¸ª), Buy/Sell: 8/7, æŒä»“é‡  = 24000(è‚¡), ç°ä»· = 0.88(å…ƒ)"
8000,4,0.942,"0.904, 0.929, 0.955, 0.981","7232.0, 14664.0, 22304.0, 30152.0",159652.SZ,35000,0.0276,0.88,1,0.9,35979.119999999995,"159652.SZ Final Portfolio Value: 35979.12, Net: 979.12, Percent: 2.80%, eachBSPos: 8000(è‚¡), stepPercent: 2.76%, benchmarkPrice: 0.94(å…ƒ) totalGridNum: 4(ä¸ª), Buy/Sell: 8/7, æŒä»“é‡  = 24000(è‚¡), ç°ä»· = 0.88(å…ƒ)"88000,4,0.942,"0.904, 0.929, 0.955, 0.981","7232.0, 14664.0, 22304.0, 30152.0",159652.SZ,35000,0.0277,0.88,1,0.9,35979.119999999995,"159652.SZ Final Portfolio Value: 35979.12, Net: 979.12, Percent: 2.80%, eachBSPos: 8000(è‚¡), stepPercent: 2.77%, benchmarkPrice: 0.94(å…ƒ) totalGridNum: 4(ä¸ª), Buy/Sell: 8/7, æŒä»“é‡  = 24000(è‚¡), ç°ä»· = 0.88(å…ƒ)"
7900,4,0.944,"0.905, 0.93, 0.956, 0.983","7149.5, 14496.5, 22048.9, 29814.6",159652.SZ,35000,0.0279,0.88,1,0.9,35966.88099999999,"159652.SZ Final Portfolio Value: 35966.88, Net: 966.88, Percent: 2.76%, eachBSPos: 7900(è‚¡), stepPercent: 2.79%, benchmarkPrice: 0.94(å…ƒ) totalGridNum: 4(ä¸ª), Buy/Sell: 8/7, æŒä»“é‡  = 23700(è‚¡), ç°ä»· = 0.88(å…ƒ)"

7900,4,0.944,"0.905, 0.931, 0.957, 0.984","7149.5, 14504.4, 22064.7, 29838.3",159652.SZ,35000,0.0282,0.88,1,0.9,35966.88099999999,"159652.SZ Final Portfolio Value: 35966.88, Net: 966.88, Percent: 2.76%, eachBSPos: 7900(è‚¡), stepPercent: 2.82%, benchmarkPrice: 0.94(å…ƒ) totalGridNum: 4(ä¸ª), Buy/Sell: 8/7, æŒä»“é‡  = 23700(è‚¡), ç°ä»· = 0.88(å…ƒ)"
7900,4,0.945,"0.905, 0.931, 0.958, 0.985","7149.5, 14504.4, 22072.6, 29854.1",159652.SZ,35000,0.0285,0.88,1,0.9,35966.88099999999,"159652.SZ Final Portfolio Value: 35966.88, Net: 966.88, Percent: 2.76%, eachBSPos: 7900(è‚¡), stepPercent: 2.85%, benchmarkPrice: 0.94(å…ƒ) totalGridNum: 4(ä¸ª), Buy/Sell: 8/7, æŒä»“é‡  = 23700(è‚¡), ç°ä»· = 0.88(å…ƒ)"
7900,4,0.944,"0.905, 0.931, 0.957, 0.984","7149.5, 14504.4, 22064.7, 29838.3",159652.SZ,35000,0.0283,0.88,1,0.9,35966.88099999999,"159652.SZ Final Portfolio Value: 35966.88, Net: 966.88, Percent: 2.76%, eachBSPos: 7900(è‚¡), stepPercent: 2.83%, benchmarkPrice: 0.94(å…ƒ) totalGridNum: 4(ä¸ª), Buy/Sell: 8/7, æŒä»“é‡  = 23700(è‚¡), ç°ä»· = 0.88(å…ƒ)"
7900,4,0.945,"0.905, 0.931, 0.958, 0.985","7149.5, 14504.4, 22072.6, 29854.1",159652.SZ,35000,0.0287,0.88,1,0.9,35966.88099999999,"159652.SZ Final Portfolio Value: 35966.88, Net: 966.88, Percent: 2.76%, eachBSPos: 7900(è‚¡), stepPercent: 2.87%, benchmarkPrice: 0.94(å…ƒ) totalGridNum: 4(ä¸ª), Buy/Sell: 8/7, æŒä»“é‡  = 23700(è‚¡), ç°ä»· = 0.88(å…ƒ)"
7900,4,0.946,"0.905, 0.931, 0.958, 0.986","7149.5, 14504.4, 22072.6, 29862.0",159652.SZ,35000,0.0288,0.88,1,0.9,35966.88099999999,"159652.SZ Final Portfolio Value: 35966.88, Net: 966.88, Percent: 2.76%, eachBSPos: 7900(è‚¡), stepPercent: 2.88%, benchmarkPrice: 0.95(å…ƒ) totalGridNum: 4(ä¸ª), Buy/Sell: 8/7, æŒä»“é‡  = 23700(è‚¡), ç°ä»· = 0.88(å…ƒ)"
7900,4,0.947,"0.906, 0.933, 0.96, 0.988","7157.4, 14528.1, 22112.1, 29917.3",159652.SZ,35000,0.0294,0.88,1,0.9,35966.88099999999,"159652.SZ Final Portfolio Value: 35966.88, Net: 966.88, Percent: 2.76%, eachBSPos: 7900(è‚¡), stepPercent: 2.94%, benchmarkPrice: 0.95(å…ƒ) totalGridNum: 4(ä¸ª), Buy/Sell: 8/7, æŒä»“é‡  = 23700(è‚¡), ç°ä»· = 0.88(å…ƒ)"

7900,4,0.946,"0.906, 0.932, 0.959, 0.987","7157.4, 14520.2, 22096.3, 29893.6",159652.SZ,35000,0.0291,0.88,1,0.9,35966.88099999999,"159652.SZ Final Portfolio Value: 35966.88, Net: 966.88, Percent: 2.76%, eachBSPos: 7900(è‚¡), stepPercent: 2.91%, benchmarkPrice: 0.95(å…ƒ) totalGridNum: 4(ä¸ª), Buy/Sell: 8/7, æŒä»“é‡  = 23700(è‚¡), ç°ä»· = 0.88(å…ƒ)"
7900,4,0.946,"0.906, 0.932, 0.959, 0.987","7157.4, 14520.2, 22096.3, 29893.6",159652.SZ,35000,0.0292,0.88,1,0.9,35966.88099999999,"159652.SZ Final Portfolio Value: 35966.88, Net: 966.88, Percent: 2.76%, eachBSPos: 7900(è‚¡), stepPercent: 2.92%, benchmarkPrice: 0.95(å…ƒ) totalGridNum: 4(ä¸ª), Buy/Sell: 8/7, æŒä»“é‡  = 23700(è‚¡), ç°ä»· = 0.88(å…ƒ)"
7900,4,0.948,"0.906, 0.933, 0.961, 0.99","7157.4, 14528.1, 22120.0, 29941.0",159652.SZ,35000,0.0297,0.88,1,0.9,35966.88099999999,"159652.SZ Final Portfolio Value: 35966.88, Net: 966.88, Percent: 2.76%, eachBSPos: 7900(è‚¡), stepPercent: 2.97%, benchmarkPrice: 0.95(å…ƒ) totalGridNum: 4(ä¸ª), Buy/Sell: 8/7, æŒä»“é‡  = 23700(è‚¡), ç°ä»· = 0.88(å…ƒ)"

7900,4,0.949,"0.907, 0.934, 0.962, 0.991","7165.3, 14543.9, 22143.7, 29972.6",159652.SZ,35000,0.0302,0.88,1,0.9,35966.88099999999,"159652.SZ Final Portfolio Value: 35966.88, Net: 966.88, Percent: 2.76%, eachBSPos: 7900(è‚¡), stepPercent: 3.02%, benchmarkPrice: 0.95(å…ƒ) totalGridNum: 4(ä¸ª), Buy/Sell: 8/7, æŒä»“é‡  = 23700(è‚¡), ç°ä»· = 0.88(å…ƒ)"
7800,4,0.95,"0.907, 0.935, 0.964, 0.994","7074.6, 14367.6, 21886.8, 29640.0",159652.SZ,35000,0.0307,0.88,1,0.9,36522.872,"159652.SZ Final Portfolio Value: 36522.87, Net: 1522.87, Percent: 4.35%, eachBSPos: 7800(è‚¡), stepPercent: 3.07%, benchmarkPrice: 0.95(å…ƒ) totalGridNum: 4(ä¸ª), Buy/Sell: 7/7, æŒä»“é‡  = 15600(è‚¡), ç°ä»· = 0.88(å…ƒ)"
(å…ƒ)"
7800,4,0.95,"0.907, 0.935, 0.964, 0.994","7074.6, 14367.6, 21886.8, 29640.0",159652.SZ,35000,0.0308,0.88,1,0.9,36522.872,"159652.SZ Final Portfolio Value: 36522.87, Net: 1522.87, Percent: 4.35%, eachBSPos: 7800(è‚¡), stepPercent: 3.08%, benchmarkPrice: 0.95(å…ƒ) totalGridNum: 4(ä¸ª), Buy/Sell: 7/7, æŒä»“é‡  = 15600(è‚¡), ç°ä»· = 0.88(å…ƒ)"
7800,4,0.95,"0.907, 0.935, 0.964, 0.994","7074.6, 14367.6, 21886.8, 29640.0",159652.SZ,35000,0.0312,0.88,1,0.9,36333.566000000006,"159652.SZ Final Portfolio Value: 36333.57, Net: 1333.57, Percent: 3.81%, eachBSPos: 7800(è‚¡), stepPercent: 3.12%, benchmarkPrice: 0.95(å…ƒ) totalGridNum: 4(ä¸ª), Buy/Sell: 6/6, æŒä»“é‡  = 15600(è‚¡), ç°ä»· = 0.88(å…ƒ)"
7800,4,0.95,"0.907, 0.935, 0.964, 0.994","7074.6, 14367.6, 21886.8, 29640.0",159652.SZ,35000,0.0311,0.88,1,0.9,36333.566000000006,"159652.SZ Final Portfolio Value: 36333.57, Net: 1333.57, Percent: 3.81%, eachBSPos: 7800(è‚¡), stepPercent: 3.11%, benchmarkPrice: 0.95(å…ƒ) totalGridNum: 4(ä¸ª), Buy/Sell: 6/6, æŒä»“é‡  = 15600(è‚¡), ç°ä»· = 0.88(å…ƒ)"
7800,4,0.953,"0.908, 0.937, 0.967, 0.998","7082.4, 14391.0, 21933.6, 29718.0",159652.SZ,35000,0.032,0.88,1,0.9,36244.022,"159652.SZ Final Portfolio Value: 36244.02, Net: 1244.02, Percent: 3.55%, eachBSPos: 7800(è‚¡), stepPercent: 3.20%, benchmarkPrice: 0.95(å…ƒ) totalGridNum: 4(ä¸ª), Buy/Sell: 5/5, æŒä»“é‡  = 7800(è‚¡), ç°ä»· = 0.88(å…ƒ)"
88(å…ƒ)"
10700,3,0.94,"0.909, 0.939, 0.97","9726.3, 19773.6, 30152.6",159652.SZ,35000,0.0325,0.88,1,0.9,36706.543,"159652.SZ Final Portfolio Value: 36706.54, Net: 1706.54, Percent: 4.88%, eachBSPos: 10700(è‚¡), stepPercent: 3.25%, benchmarkPrice: 0.94(å…ƒ) totalGridNum: 3(ä¸ª), Buy/Sell: 5/5, æŒä»“é‡  = 10700(è‚¡), ç°ä»· = 0.88(å…ƒ)"
 = 0.88(å…ƒ)"
10700,3,0.94,"0.909, 0.939, 0.97","9726.3, 19773.6, 30152.6",159652.SZ,35000,0.0328,0.88,1,0.9,36919.901000000005,"159652.SZ Final Portfolio Value: 36919.90, Net: 1919.90, Percent: 5.49%, eachBSPos: 10700(è‚¡), stepPercent: 3.28%, benchmarkPrice: 0.94(å…ƒ) totalGridNum: 3(ä¸ª), Buy/Sell: 5/5, æŒä»“é‡  = 10700(è‚¡), ç°ä»· = 0.88(å…ƒ)"
10700,3,0.94,"0.909, 0.939, 0.97","9726.3, 19773.6, 30152.6",159652.SZ,35000,0.0332,0.88,1,0.9,36919.901000000005,"159652.SZ Final Portfolio Value: 36919.90, Net: 1919.90, Percent: 5.49%, eachBSPos: 10700(è‚¡), stepPercent: 3.32%, benchmarkPrice: 0.94(å…ƒ) totalGridNum: 3(ä¸ª), Buy/Sell: 5/5, æŒä»“é‡  = 10700(è‚¡), ç°ä»· = 0.88(å…ƒ)"
10700,3,0.942,"0.91, 0.941, 0.973","9737.0, 19805.7, 30216.8",159652.SZ,35000,0.0336,0.88,1,0.9,36919.901000000005,"159652.SZ Final Portfolio Value: 36919.90, Net: 1919.90, Percent: 5.49%, eachBSPos: 10700(è‚¡), stepPercent: 3.36%, benchmarkPrice: 0.94(å…ƒ) totalGridNum: 3(ä¸ª), Buy/Sell: 5/5, æŒä»“é‡  = 10700(è‚¡), ç°ä»· = 0.88(å…ƒ)"
10700,3,0.942,"0.91, 0.941, 0.973","9737.0, 19805.7, 30216.8",159652.SZ,35000,0.0338,0.88,1,0.9,36919.901000000005,"159652.SZ Final Portfolio Value: 36919.90, Net: 1919.90, Percent: 5.49%, eachBSPos: 10700(è‚¡), stepPercent: 3.38%, benchmarkPrice: 0.94(å…ƒ) totalGridNum: 3(ä¸ª), Buy/Sell: 5/5, æŒä»“é‡  = 10700(è‚¡), ç°ä»· = 0.88(å…ƒ)"
0700,3,0.942,"0.91, 0.941, 0.973","9737.0, 19805.7, 30216.8",159652.SZ,35000,0.0339,0.88,1,0.9,36919.901000000005,"159652.SZ Final Portfolio Value: 36919.90, Net: 1919.90, Percent: 5.49%, eachBSPos: 10700(è‚¡), stepPercent: 3.39%, benchmarkPrice: 0.94(å…ƒ) totalGridNum: 3(ä¸ª), Buy/Sell: 5/5, æŒä»“é‡  = 10700(è‚¡), ç°ä»· = 0.88(å…ƒ)"
10700,3,0.942,"0.91, 0.941, 0.973","9737.0, 19805.7, 30216.8",159652.SZ,35000,0.0343,0.88,1,0.9,36735.433000000005,"159652.SZ Final Portfolio Value: 36735.43, Net: 1735.43, Percent: 4.96%, eachBSPos: 10700(è‚¡), stepPercent: 3.43%, benchmarkPrice: 0.94(å…ƒ) totalGridNum: 3(ä¸ª), Buy/Sell: 5/4, æŒä»“é‡  = 21400(è‚¡), ç°ä»· = 0.88(å…ƒ)"
10700,3,0.944,"0.911, 0.943, 0.976","9747.7, 19837.8, 30281.0",159652.SZ,35000,0.0348,0.88,1,0.9,36735.433000000005,"159652.SZ Final Portfolio Value: 36735.43, Net: 1735.43, Percent: 4.96%, eachBSPos: 10700(è‚¡), stepPercent: 3.48%, benchmarkPrice: 0.94(å…ƒ) totalGridNum: 3(ä¸ª), Buy/Sell: 5/4, æŒä»“é‡  = 21400(è‚¡), ç°ä»· = 0.88(å…ƒ)"
10700,3,0.944,"0.911, 0.943, 0.976","9747.7, 19837.8, 30281.0",159652.SZ,35000,0.035,0.88,1,0.9,36735.433000000005,"159652.SZ Final Portfolio Value: 36735.43, Net: 1735.43, Percent: 4.96%, eachBSPos: 10700(è‚¡), stepPercent: 3.50%, benchmarkPrice: 0.94(å…ƒ) totalGridNum: 3(ä¸ª), Buy/Sell: 5/4, æŒä»“é‡  = 21400(è‚¡), ç°ä»· = 0.88(å…ƒ)"

10700,3,0.944,"0.911, 0.943, 0.976","9747.7, 19837.8, 30281.0",159652.SZ,35000,0.0355,0.88,1,0.9,36735.433000000005,"159652.SZ Final Portfolio Value: 36735.43, Net: 1735.43, Percent: 4.96%, eachBSPos: 10700(è‚¡), stepPercent: 3.55%, benchmarkPrice: 0.94(å…ƒ) totalGridNum: 3(ä¸ª), Buy/Sell: 5/4, æŒä»“é‡  = 21400(è‚¡), ç°ä»· = 0.88(å…ƒ)"
10700,3,0.944,"0.911, 0.943, 0.976","9747.7, 19837.8, 30281.0",159652.SZ,35000,0.0354,0.88,1,0.9,36735.433000000005,"159652.SZ Final Portfolio Value: 36735.43, Net: 1735.43, Percent: 4.96%, eachBSPos: 10700(è‚¡), stepPercent: 3.54%, benchmarkPrice: 0.94(å…ƒ) totalGridNum: 3(ä¸ª), Buy/Sell: 5/4, æŒä»“é‡  = 21400(è‚¡), ç°ä»· = 0.88(å…ƒ)"
10600,3,0.946,"0.912, 0.945, 0.979","9667.2, 19684.2, 30061.6",159652.SZ,35000,0.036,0.88,1,0.9,36719.21399999999,"159652.SZ Final Portfolio Value: 36719.21, Net: 1719.21, Percent: 4.91%, eachBSPos: 10600(è‚¡), stepPercent: 3.60%, benchmarkPrice: 0.95(å…ƒ) totalGridNum: 3(ä¸ª), Buy/Sell: 5/4, æŒä»“é‡  = 21200(è‚¡), ç°ä»· = 0.88(å…ƒ)"

10600,3,0.946,"0.912, 0.945, 0.979","9667.2, 19684.2, 30061.6",159652.SZ,35000,0.0359,0.88,1,0.9,36719.21399999999,"159652.SZ Final Portfolio Value: 36719.21, Net: 1719.21, Percent: 4.91%, eachBSPos: 10600(è‚¡), stepPercent: 3.59%, benchmarkPrice: 0.95(å…ƒ) totalGridNum: 3(ä¸ª), Buy/Sell: 5/4, æŒä»“é‡  = 21200(è‚¡), ç°ä»· = 0.88(å…ƒ)"
10600,3,0.946,"0.912, 0.945, 0.979","9667.2, 19684.2, 30061.6",159652.SZ,35000,0.0364,0.88,1,0.9,36719.21399999999,"159652.SZ Final Portfolio Value: 36719.21, Net: 1719.21, Percent: 4.91%, eachBSPos: 10600(è‚¡), stepPercent: 3.64%, benchmarkPrice: 0.95(å…ƒ) totalGridNum: 3(ä¸ª), Buy/Sell: 5/4, æŒä»“é‡  = 21200(è‚¡), ç°ä»· = 0.88(å…ƒ)"
10600,3,0.946,"0.912, 0.946, 0.981","9667.2, 19694.8, 30093.4",159652.SZ,35000,0.0368,0.88,1,0.9,36719.21399999999,"159652.SZ Final Portfolio Value: 36719.21, Net: 1719.21, Percent: 4.91%, eachBSPos: 10600(è‚¡), stepPercent: 3.68%, benchmarkPrice: 0.95(å…ƒ) totalGridNum: 3(ä¸ª), Buy/Sell: 5/4, æŒä»“é‡  = 21200(è‚¡), ç°ä»· = 0.88(å…ƒ)"
10600,3,0.946,"0.912, 0.945, 0.98","9667.2, 19684.2, 30072.2",159652.SZ,35000,0.0366,0.88,1,0.9,36719.21399999999,"159652.SZ Final Portfolio Value: 36719.21, Net: 1719.21, Percent: 4.91%, eachBSPos: 10600(è‚¡), stepPercent: 3.66%, benchmarkPrice: 0.95(å…ƒ) totalGridNum: 3(ä¸ª), Buy/Sell: 5/4, æŒä»“é‡  = 21200(è‚¡), ç°ä»· = 0.88(å…ƒ)"
10600,3,0.948,"0.913, 0.947, 0.982","9677.8, 19716.0, 30125.2",159652.SZ,35000,0.0374,0.88,1,0.9,36719.21399999999,"159652.SZ Final Portfolio Value: 36719.21, Net: 1719.21, Percent: 4.91%, eachBSPos: 10600(è‚¡), stepPercent: 3.74%, benchmarkPrice: 0.95(å…ƒ) totalGridNum: 3(ä¸ª), Buy/Sell: 5/4, æŒä»“é‡  = 21200(è‚¡), ç°ä»· = 0.88(å…ƒ)"
10600,3,0.948,"0.913, 0.947, 0.983","9677.8, 19716.0, 30135.8",159652.SZ,35000,0.0376,0.88,1,0.9,36719.21399999999,"159652.SZ Final Portfolio Value: 36719.21, Net: 1719.21, Percent: 4.91%, eachBSPos: 10600(è‚¡), stepPercent: 3.76%, benchmarkPrice: 0.95(å…ƒ) totalGridNum: 3(ä¸ª), Buy/Sell: 5/4, æŒä»“é‡  = 21200(è‚¡), ç°ä»· = 0.88(å…ƒ)"
10600,3,0.948,"0.913, 0.948, 0.984","9677.8, 19726.6, 30157.0",159652.SZ,35000,0.038,0.88,1,0.9,36719.21399999999,"159652.SZ Final Portfolio Value: 36719.21, Net: 1719.21, Percent: 4.91%, eachBSPos: 10600(è‚¡), stepPercent: 3.80%, benchmarkPrice: 0.95(å…ƒ) totalGridNum: 3(ä¸ª), Buy/Sell: 5/4, æŒä»“é‡  = 21200(è‚¡), ç°ä»· = 0.88(å…ƒ)"
10600,3,0.95,"0.914, 0.949, 0.985","9688.4, 19747.8, 30188.8",159652.SZ,35000,0.0384,0.88,1,0.9,36719.21399999999,"159652.SZ Final Portfolio Value: 36719.21, Net: 1719.21, Percent: 4.91%, eachBSPos: 10600(è‚¡), stepPercent: 3.84%, benchmarkPrice: 0.95(å…ƒ) totalGridNum: 3(ä¸ª), Buy/Sell: 5/4, æŒä»“é‡  = 21200(è‚¡), ç°ä»· = 0.88(å…ƒ)"
10600,3,0.95,"0.914, 0.95, 0.987","9688.4, 19758.4, 30220.6",159652.SZ,35000,0.0389,0.88,1,0.9,36719.21399999999,"159652.SZ Final Portfolio Value: 36719.21, Net: 1719.21, Percent: 4.91%, eachBSPos: 10600(è‚¡), stepPercent: 3.89%, benchmarkPrice: 0.95(å…ƒ) totalGridNum: 3(ä¸ª), Buy/Sell: 5/4, æŒä»“é‡  = 21200(è‚¡), ç°ä»· = 0.88(å…ƒ)"
10600,3,0.95,"0.914, 0.95, 0.987","9688.4, 19758.4, 30220.6",159652.SZ,35000,0.0392,0.88,1,0.9,36719.21399999999,"159652.SZ Final Portfolio Value: 36719.21, Net: 1719.21, Percent: 4.91%, eachBSPos: 10600(è‚¡), stepPercent: 3.92%, benchmarkPrice: 0.95(å…ƒ) totalGridNum: 3(ä¸ª), Buy/Sell: 5/4, æŒä»“é‡  = 21200(è‚¡), ç°ä»· = 0.88(å…ƒ)"
"
10500,3,0.952,"0.915, 0.951, 0.989","9607.5, 19593.0, 29977.5",159652.SZ,35000,0.0395,0.88,1,0.9,36702.994999999995,"159652.SZ Final Portfolio Value: 36702.99, Net: 1702.99, Percent: 4.87%, eachBSPos: 10500(è‚¡), stepPercent: 3.95%, benchmarkPrice: 0.95(å…ƒ) totalGridNum: 3(ä¸ª), Buy/Sell: 5/4, æŒä»“é‡  = 21000(è‚¡), ç°ä»· = 0.88(å…ƒ)"
10500,3,0.952,"0.915, 0.951, 0.988","9607.5, 19593.0, 29967.0",159652.SZ,35000,0.0394,0.88,1,0.9,36702.994999999995,"159652.SZ Final Portfolio Value: 36702.99, Net: 1702.99, Percent: 4.87%, eachBSPos: 10500(è‚¡), stepPercent: 3.94%, benchmarkPrice: 0.95(å…ƒ) totalGridNum: 3(ä¸ª), Buy/Sell: 5/4, æŒä»“é‡  = 21000(è‚¡), ç°ä»· = 0.88(å…ƒ)"
10500,3,0.952,"0.915, 0.952, 0.99","9607.5, 19603.5, 29998.5",159652.SZ,35000,0.04,0.88,1,0.9,36702.994999999995,"159652.SZ Final Portfolio Value: 36702.99, Net: 1702.99, Percent: 4.87%, eachBSPos: 10500(è‚¡), stepPercent: 4.00%, benchmarkPrice: 0.95(å…ƒ) totalGridNum: 3(ä¸ª), Buy/Sell: 5/4, æŒä»“é‡  = 21000(è‚¡), ç°ä»· = 0.88(å…ƒ)"


10500,3,0.954,"0.916, 0.953, 0.992","9618.0, 19624.5, 30040.5",159652.SZ,35000,0.0404,0.88,1,0.9,36702.994999999995,"159652.SZ Final Portfolio Value: 36702.99, Net: 1702.99, Percent: 4.87%, eachBSPos: 10500(è‚¡), stepPercent: 4.04%, benchmarkPrice: 0.95(å…ƒ) totalGridNum: 3(ä¸ª), Buy/Sell: 5/4, æŒä»“é‡  = 21000(è‚¡), ç°ä»· = 0.88(å…ƒ)"
10500,3,0.954,"0.916, 0.953, 0.992","9618.0, 19624.5, 30040.5",159652.SZ,35000,0.0405,0.88,1,0.9,37407.44,"159652.SZ Final Portfolio Value: 37407.44, Net: 2407.44, Percent: 6.88%, eachBSPos: 10500(è‚¡), stepPercent: 4.05%, benchmarkPrice: 0.95(å…ƒ) totalGridNum: 3(ä¸ª), Buy/Sell: 5/5, æŒä»“é‡  = 10500(è‚¡), ç°ä»· = 0.88(å…ƒ)"
8(å…ƒ)"
10500,3,0.952,"0.915, 0.952, 0.99","9607.5, 19603.5, 29998.5",159652.SZ,35000,0.0402,0.88,1,0.9,36702.994999999995,"159652.SZ Final Portfolio Value: 36702.99, Net: 1702.99, Percent: 4.87%, eachBSPos: 10500(è‚¡), stepPercent: 4.02%, benchmarkPrice: 0.95(å…ƒ) totalGridNum: 3(ä¸ª), Buy/Sell: 5/4, æŒä»“é‡  = 21000(è‚¡), ç°ä»· = 0.88(å…ƒ)"
10500,3,0.954,"0.916, 0.953, 0.992","9618.0, 19624.5, 30040.5",159652.SZ,35000,0.0407,0.88,1,0.9,37407.44,"159652.SZ Final Portfolio Value: 37407.44, Net: 2407.44, Percent: 6.88%, eachBSPos: 10500(è‚¡), stepPercent: 4.07%, benchmarkPrice: 0.95(å…ƒ) totalGridNum: 3(ä¸ª), Buy/Sell: 5/5, æŒä»“é‡  = 10500(è‚¡), ç°ä»· = 0.88(å…ƒ)"
10500,3,0.954,"0.916, 0.953, 0.992","9618.0, 19624.5, 30040.5",159652.SZ,35000,0.0409,0.88,1,0.9,37407.44,"159652.SZ Final Portfolio Value: 37407.44, Net: 2407.44, Percent: 6.88%, eachBSPos: 10500(è‚¡), stepPercent: 4.09%, benchmarkPrice: 0.95(å…ƒ) totalGridNum: 3(ä¸ª), Buy/Sell: 5/5, æŒä»“é‡  = 10500(è‚¡), ç°ä»· = 0.88(å…ƒ)"
10500,3,0.954,"0.916, 0.954, 0.993","9618.0, 19635.0, 30061.5",159652.SZ,35000,0.041,0.88,1,0.9,37407.44,"159652.SZ Final Portfolio Value: 37407.44, Net: 2407.44, Percent: 6.88%, eachBSPos: 10500(è‚¡), stepPercent: 4.10%, benchmarkPrice: 0.95(å…ƒ) totalGridNum: 3(ä¸ª), Buy/Sell: 5/5, æŒä»“é‡  = 10500(è‚¡), ç°ä»· = 0.88(å…ƒ)"
10500,3,0.956,"0.917, 0.955, 0.995","9628.5, 19656.0, 30103.5",159652.SZ,35000,0.0416,0.88,1,0.9,37407.44,"159652.SZ Final Portfolio Value: 37407.44, Net: 2407.44, Percent: 6.88%, eachBSPos: 10500(è‚¡), stepPercent: 4.16%, benchmarkPrice: 0.96(å…ƒ) totalGridNum: 3(ä¸ª), Buy/Sell: 5/5, æŒä»“é‡  = 10500(è‚¡), ç°ä»· = 0.88(å…ƒ)"
10500,3,0.954,"0.916, 0.954, 0.993","9618.0, 19635.0, 30061.5",159652.SZ,35000,0.0414,0.88,1,0.9,37407.44,"159652.SZ Final Portfolio Value: 37407.44, Net: 2407.44, Percent: 6.88%, eachBSPos: 10500(è‚¡), stepPercent: 4.14%, benchmarkPrice: 0.95(å…ƒ) totalGridNum: 3(ä¸ª), Buy/Sell: 5/5, æŒä»“é‡  = 10500(è‚¡), ç°ä»· = 0.88(å…ƒ)"
10500,3,0.956,"0.917, 0.956, 0.996","9628.5, 19666.5, 30124.5",159652.SZ,35000,0.0423,0.88,1,0.9,37407.44,"159652.SZ Final Portfolio Value: 37407.44, Net: 2407.44, Percent: 6.88%, eachBSPos: 10500(è‚¡), stepPercent: 4.23%, benchmarkPrice: 0.96(å…ƒ) totalGridNum: 3(ä¸ª), Buy/Sell: 5/5, æŒä»“é‡  = 10500(è‚¡), ç°ä»· = 0.88(å…ƒ)"
10500,3,0.956,"0.917, 0.956, 0.996","9628.5, 19666.5, 30124.5",159652.SZ,35000,0.042,0.88,1,0.9,37407.44,"159652.SZ Final Portfolio Value: 37407.44, Net: 2407.44, Percent: 6.88%, eachBSPos: 10500(è‚¡), stepPercent: 4.20%, benchmarkPrice: 0.96(å…ƒ) totalGridNum: 3(ä¸ª), Buy/Sell: 5/5, æŒä»“é‡  = 10500(è‚¡), ç°ä»· = 0.88(å…ƒ)"
10400,3,0.958,"0.918, 0.957, 0.998","9547.2, 19500.0, 29879.2",159652.SZ,35000,0.0428,0.88,1,0.9,37384.512,"159652.SZ Final Portfolio Value: 37384.51, Net: 2384.51, Percent: 6.81%, eachBSPos: 10400(è‚¡), stepPercent: 4.28%, benchmarkPrice: 0.96(å…ƒ) totalGridNum: 3(ä¸ª), Buy/Sell: 5/5, æŒä»“é‡  = 10400(è‚¡), ç°ä»· = 0.88(å…ƒ)"
10400,3,0.958,"0.918, 0.957, 0.998","9547.2, 19500.0, 29879.2",159652.SZ,35000,0.0427,0.88,1,0.9,37384.512,"159652.SZ Final Portfolio Value: 37384.51, Net: 2384.51, Percent: 6.81%, eachBSPos: 10400(è‚¡), stepPercent: 4.27%, benchmarkPrice: 0.96(å…ƒ) totalGridNum: 3(ä¸ª), Buy/Sell: 5/5, æŒä»“é‡  = 10400(è‚¡), ç°ä»· = 0.88(å…ƒ)"
10400,3,0.958,"0.918, 0.958, 0.999","9547.2, 19510.4, 29900.0",159652.SZ,35000,0.0431,0.88,1,0.9,37384.512,"159652.SZ Final Portfolio Value: 37384.51, Net: 2384.51, Percent: 6.81%, eachBSPos: 10400(è‚¡), stepPercent: 4.31%, benchmarkPrice: 0.96(å…ƒ) totalGridNum: 3(ä¸ª), Buy/Sell: 5/5, æŒä»“é‡  = 10400(è‚¡), ç°ä»· = 0.88(å…ƒ)"
16300,2,0.94,"0.919, 0.96","14979.7, 30627.7",159652.SZ,35000,0.0442,0.88,1,0.9,36802.617,"159652.SZ Final Portfolio Value: 36802.62, Net: 1802.62, Percent: 5.15%, eachBSPos: 16300(è‚¡), stepPercent: 4.42%, benchmarkPrice: 0.94(å…ƒ) totalGridNum: 2(ä¸ª), Buy/Sell: 3/3, æŒä»“é‡  = 16300(è‚¡), ç°ä»· = 0.88(å…ƒ)"

16300,2,0.939,"0.919, 0.959","14979.7, 30611.4",159652.SZ,35000,0.0439,0.88,1,0.9,36753.717,"159652.SZ Final Portfolio Value: 36753.72, Net: 1753.72, Percent: 5.01%, eachBSPos: 16300(è‚¡), stepPercent: 4.39%, benchmarkPrice: 0.94(å…ƒ) totalGridNum: 2(ä¸ª), Buy/Sell: 4/3, æŒä»“é‡  = 32600(è‚¡), ç°ä»· = 0.88(å…ƒ)"
16300,2,0.939,"0.919, 0.959","14979.7, 30611.4",159652.SZ,35000,0.0438,0.88,1,0.9,36753.717,"159652.SZ Final Portfolio Value: 36753.72, Net: 1753.72, Percent: 5.01%, eachBSPos: 16300(è‚¡), stepPercent: 4.38%, benchmarkPrice: 0.94(å…ƒ) totalGridNum: 2(ä¸ª), Buy/Sell: 4/3, æŒä»“é‡  = 32600(è‚¡), ç°ä»· = 0.88(å…ƒ)"
 0.88(å…ƒ)"
16300,2,0.94,"0.919, 0.96","14979.7, 30627.7",159652.SZ,35000,0.0447,0.88,1,0.9,36802.617,"159652.SZ Final Portfolio Value: 36802.62, Net: 1802.62, Percent: 5.15%, eachBSPos: 16300(è‚¡), stepPercent: 4.47%, benchmarkPrice: 0.94(å…ƒ) totalGridNum: 2(ä¸ª), Buy/Sell: 3/3, æŒä»“é‡  = 16300(è‚¡), ç°ä»· = 0.88(å…ƒ)"
16300,2,0.94,"0.919, 0.96","14979.7, 30627.7",159652.SZ,35000,0.0444,0.88,1,0.9,36802.617,"159652.SZ Final Portfolio Value: 36802.62, Net: 1802.62, Percent: 5.15%, eachBSPos: 16300(è‚¡), stepPercent: 4.44%, benchmarkPrice: 0.94(å…ƒ) totalGridNum: 2(ä¸ª), Buy/Sell: 3/3, æŒä»“é‡  = 16300(è‚¡), ç°ä»· = 0.88(å…ƒ)"
16300,2,0.941,"0.92, 0.962","14996.0, 30676.6",159652.SZ,35000,0.0452,0.88,1,0.9,36802.617,"159652.SZ Final Portfolio Value: 36802.62, Net: 1802.62, Percent: 5.15%, eachBSPos: 16300(è‚¡), stepPercent: 4.52%, benchmarkPrice: 0.94(å…ƒ) totalGridNum: 2(ä¸ª), Buy/Sell: 3/3, æŒä»“é‡  = 16300(è‚¡), ç°ä»· = 0.88(å…ƒ)"
16300,2,0.941,"0.92, 0.962","14996.0, 30676.6",159652.SZ,35000,0.0454,0.88,1,0.9,36802.617,"159652.SZ Final Portfolio Value: 36802.62, Net: 1802.62, Percent: 5.15%, eachBSPos: 16300(è‚¡), stepPercent: 4.54%, benchmarkPrice: 0.94(å…ƒ) totalGridNum: 2(ä¸ª), Buy/Sell: 3/3, æŒä»“é‡  = 16300(è‚¡), ç°ä»· = 0.88(å…ƒ)"

16300,2,0.942,"0.921, 0.964","15012.3, 30725.5",159652.SZ,35000,0.0463,0.88,1,0.9,36802.617,"159652.SZ Final Portfolio Value: 36802.62, Net: 1802.62, Percent: 5.15%, eachBSPos: 16300(è‚¡), stepPercent: 4.63%, benchmarkPrice: 0.94(å…ƒ) totalGridNum: 2(ä¸ª), Buy/Sell: 3/3, æŒä»“é‡  = 16300(è‚¡), ç°ä»· = 0.88(å…ƒ)"
16300,2,0.941,"0.92, 0.962","14996.0, 30676.6",159652.SZ,35000,0.0459,0.88,1,0.9,36802.617,"159652.SZ Final Portfolio Value: 36802.62, Net: 1802.62, Percent: 5.15%, eachBSPos: 16300(è‚¡), stepPercent: 4.59%, benchmarkPrice: 0.94(å…ƒ) totalGridNum: 2(ä¸ª), Buy/Sell: 3/3, æŒä»“é‡  = 16300(è‚¡), ç°ä»· = 0.88(å…ƒ)"

16300,2,0.942,"0.921, 0.964","15012.3, 30725.5",159652.SZ,35000,0.0466,0.88,1,0.9,36802.617,"159652.SZ Final Portfolio Value: 36802.62, Net: 1802.62, Percent: 5.15%, eachBSPos: 16300(è‚¡), stepPercent: 4.66%, benchmarkPrice: 0.94(å…ƒ) totalGridNum: 2(ä¸ª), Buy/Sell: 3/3, æŒä»“é‡  = 16300(è‚¡), ç°ä»· = 0.88(å…ƒ)"
16300,2,0.942,"0.921, 0.964","15012.3, 30725.5",159652.SZ,35000,0.0465,0.88,1,0.9,36802.617,"159652.SZ Final Portfolio Value: 36802.62, Net: 1802.62, Percent: 5.15%, eachBSPos: 16300(è‚¡), stepPercent: 4.65%, benchmarkPrice: 0.94(å…ƒ) totalGridNum: 2(ä¸ª), Buy/Sell: 3/3, æŒä»“é‡  = 16300(è‚¡), ç°ä»· = 0.88(å…ƒ)"
16200,2,0.944,"0.922, 0.966","14936.4, 30585.6",159652.SZ,35000,0.0474,0.88,1,0.9,36791.558000000005,"159652.SZ Final Portfolio Value: 36791.56, Net: 1791.56, Percent: 5.12%, eachBSPos: 16200(è‚¡), stepPercent: 4.74%, benchmarkPrice: 0.94(å…ƒ) totalGridNum: 2(ä¸ª), Buy/Sell: 3/3, æŒä»“é‡  = 16200(è‚¡), ç°ä»· = 0.88(å…ƒ)"
16200,2,0.944,"0.922, 0.966","14936.4, 30585.6",159652.SZ,35000,0.048,0.88,1,0.9,36791.558000000005,"159652.SZ Final Portfolio Value: 36791.56, Net: 1791.56, Percent: 5.12%, eachBSPos: 16200(è‚¡), stepPercent: 4.80%, benchmarkPrice: 0.94(å…ƒ) totalGridNum: 2(ä¸ª), Buy/Sell: 3/3, æŒä»“é‡  = 16200(è‚¡), ç°ä»· = 0.88(å…ƒ)"

16200,2,0.946,"0.923, 0.968","14952.6, 30634.2",159652.SZ,35000,0.0488,0.88,1,0.9,36075.356,"159652.SZ Final Portfolio Value: 36075.36, Net: 1075.36, Percent: 3.07%, eachBSPos: 16200(è‚¡), stepPercent: 4.88%, benchmarkPrice: 0.95(å…ƒ) totalGridNum: 2(ä¸ª), Buy/Sell: 3/2, æŒä»“é‡  = 16200(è‚¡), ç°ä»· = 0.88(å…ƒ)"
16200,2,0.946,"0.923, 0.968","14952.6, 30634.2",159652.SZ,35000,0.0489,0.88,1,0.9,36075.356,"159652.SZ Final Portfolio Value: 36075.36, Net: 1075.36, Percent: 3.07%, eachBSPos: 16200(è‚¡), stepPercent: 4.89%, benchmarkPrice: 0.95(å…ƒ) totalGridNum: 2(ä¸ª), Buy/Sell: 3/2, æŒä»“é‡  = 16200(è‚¡), ç°ä»· = 0.88(å…ƒ)"
16200,2,0.946,"0.923, 0.968","14952.6, 30634.2",159652.SZ,35000,0.0492,0.88,1,0.9,36075.356,"159652.SZ Final Portfolio Value: 36075.36, Net: 1075.36, Percent: 3.07%, eachBSPos: 16200(è‚¡), stepPercent: 4.92%, benchmarkPrice: 0.95(å…ƒ) totalGridNum: 2(ä¸ª), Buy/Sell: 3/2, æŒä»“é‡  = 16200(è‚¡), ç°ä»· = 0.88(å…ƒ)"
16200,2,0.946,"0.923, 0.968","14952.6, 30634.2",159652.SZ,35000,0.0491,0.88,1,0.9,36075.356,"159652.SZ Final Portfolio Value: 36075.36, Net: 1075.36, Percent: 3.07%, eachBSPos: 16200(è‚¡), stepPercent: 4.91%, benchmarkPrice: 0.95(å…ƒ) totalGridNum: 2(ä¸ª), Buy/Sell: 3/2, æŒä»“é‡  = 16200(è‚¡), ç°ä»· = 0.88(å…ƒ)"
16100,2,0.947,"0.924, 0.97","14876.4, 30493.4",159652.SZ,35000,0.0495,0.88,1,0.9,36068.71799999999,"159652.SZ Final Portfolio Value: 36068.72, Net: 1068.72, Percent: 3.05%, eachBSPos: 16100(è‚¡), stepPercent: 4.95%, benchmarkPrice: 0.95(å…ƒ) totalGridNum: 2(ä¸ª), Buy/Sell: 3/2, æŒä»“é‡  = 16100(è‚¡), ç°ä»· = 0.88(å…ƒ)"
16100,2,0.947,"0.924, 0.97","14876.4, 30493.4",159652.SZ,35000,0.0503,0.88,1,0.9,36068.71799999999,"159652.SZ Final Portfolio Value: 36068.72, Net: 1068.72, Percent: 3.05%, eachBSPos: 16100(è‚¡), stepPercent: 5.03%, benchmarkPrice: 0.95(å…ƒ) totalGridNum: 2(ä¸ª), Buy/Sell: 3/2, æŒä»“é‡  = 16100(è‚¡), ç°ä»· = 0.88(å…ƒ)"
16100,2,0.947,"0.924, 0.97","14876.4, 30493.4",159652.SZ,35000,0.0498,0.88,1,0.9,36068.71799999999,"159652.SZ Final Portfolio Value: 36068.72, Net: 1068.72, Percent: 3.05%, eachBSPos: 16100(è‚¡), stepPercent: 4.98%, benchmarkPrice: 0.95(å…ƒ) totalGridNum: 2(ä¸ª), Buy/Sell: 3/2, æŒä»“é‡  = 16100(è‚¡), ç°ä»· = 0.88(å…ƒ)"
16100,2,0.948,"0.925, 0.972","14892.5, 30541.7",159652.SZ,35000,0.0506,0.88,1,0.9,36068.71799999999,"159652.SZ Final Portfolio Value: 36068.72, Net: 1068.72, Percent: 3.05%, eachBSPos: 16100(è‚¡), stepPercent: 5.06%, benchmarkPrice: 0.95(å…ƒ) totalGridNum: 2(ä¸ª), Buy/Sell: 3/2, æŒä»“é‡  = 16100(è‚¡), ç°ä»· = 0.88(å…ƒ)"
16100,2,0.948,"0.924, 0.971","14876.4, 30509.5",159652.SZ,35000,0.0504,0.88,1,0.9,36068.71799999999,"159652.SZ Final Portfolio Value: 36068.72, Net: 1068.72, Percent: 3.05%, eachBSPos: 16100(è‚¡), stepPercent: 5.04%, benchmarkPrice: 0.95(å…ƒ) totalGridNum: 2(ä¸ª), Buy/Sell: 3/2, æŒä»“é‡  = 16100(è‚¡), ç°ä»· = 0.88(å…ƒ)"
16100,2,0.948,"0.925, 0.972","14892.5, 30541.7",159652.SZ,35000,0.0513,0.88,1,0.9,36068.71799999999,"159652.SZ Final Portfolio Value: 36068.72, Net: 1068.72, Percent: 3.05%, eachBSPos: 16100(è‚¡), stepPercent: 5.13%, benchmarkPrice: 0.95(å…ƒ) totalGridNum: 2(ä¸ª), Buy/Sell: 3/2, æŒä»“é‡  = 16100(è‚¡), ç°ä»· = 0.88(å…ƒ)"
16100,2,0.948,"0.925, 0.972","14892.5, 30541.7",159652.SZ,35000,0.0512,0.88,1,0.9,36068.71799999999,"159652.SZ Final Portfolio Value: 36068.72, Net: 1068.72, Percent: 3.05%, eachBSPos: 16100(è‚¡), stepPercent: 5.12%, benchmarkPrice: 0.95(å…ƒ) totalGridNum: 2(ä¸ª), Buy/Sell: 3/2, æŒä»“é‡  = 16100(è‚¡), ç°ä»· = 0.88(å…ƒ)"
16100,2,0.948,"0.925, 0.972","14892.5, 30541.7",159652.SZ,35000,0.051,0.88,1,0.9,36068.71799999999,"159652.SZ Final Portfolio Value: 36068.72, Net: 1068.72, Percent: 3.05%, eachBSPos: 16100(è‚¡), stepPercent: 5.10%, benchmarkPrice: 0.95(å…ƒ) totalGridNum: 2(ä¸ª), Buy/Sell: 3/2, æŒä»“é‡  = 16100(è‚¡), ç°ä»· = 0.88(å…ƒ)"

16100,2,0.949,"0.925, 0.973","14892.5, 30557.8",159652.SZ,35000,0.0517,0.88,1,0.9,36068.71799999999,"159652.SZ Final Portfolio Value: 36068.72, Net: 1068.72, Percent: 3.05%, eachBSPos: 16100(è‚¡), stepPercent: 5.17%, benchmarkPrice: 0.95(å…ƒ) totalGridNum: 2(ä¸ª), Buy/Sell: 3/2, æŒä»“é‡  = 16100(è‚¡), ç°ä»· = 0.88(å…ƒ)"
6100,2,0.949,"0.925, 0.973","14892.5, 30557.8",159652.SZ,35000,0.0516,0.88,1,0.9,36068.71799999999,"159652.SZ Final Portfolio Value: 36068.72, Net: 1068.72, Percent: 3.05%, eachBSPos: 16100(è‚¡), stepPercent: 5.16%, benchmarkPrice: 0.95(å…ƒ) totalGridNum: 2(ä¸ª), Buy/Sell: 3/2, æŒä»“é‡  = 16100(è‚¡), ç°ä»· = 0.88(å…ƒ)"
16100,2,0.95,"0.926, 0.974","14908.6, 30590.0",159652.SZ,35000,0.0522,0.88,1,0.9,36068.71799999999,"159652.SZ Final Portfolio Value: 36068.72, Net: 1068.72, Percent: 3.05%, eachBSPos: 16100(è‚¡), stepPercent: 5.22%, benchmarkPrice: 0.95(å…ƒ) totalGridNum: 2(ä¸ª), Buy/Sell: 3/2, æŒä»“é‡  = 16100(è‚¡), ç°ä»· = 0.88(å…ƒ)"
16100,2,0.95,"0.926, 0.974","14908.6, 30590.0",159652.SZ,35000,0.052,0.88,1,0.9,36068.71799999999,"159652.SZ Final Portfolio Value: 36068.72, Net: 1068.72, Percent: 3.05%, eachBSPos: 16100(è‚¡), stepPercent: 5.20%, benchmarkPrice: 0.95(å…ƒ) totalGridNum: 2(ä¸ª), Buy/Sell: 3/2, æŒä»“é‡  = 16100(è‚¡), ç°ä»· = 0.88(å…ƒ)"

16000,2,0.952,"0.927, 0.976","14832.0, 30448.0",159652.SZ,35000,0.0532,0.88,1,0.9,35348.95999999999,"159652.SZ Final Portfolio Value: 35348.96, Net: 348.96, Percent: 1.00%, eachBSPos: 16000(è‚¡), stepPercent: 5.32%, benchmarkPrice: 0.95(å…ƒ) totalGridNum: 2(ä¸ª), Buy/Sell: 2/1, æŒä»“é‡  = 16000(è‚¡), ç°ä»· = 0.88(å…ƒ)"
16100,2,0.95,"0.926, 0.975","14908.6, 30606.1",159652.SZ,35000,0.0526,0.88,1,0.9,36068.71799999999,"159652.SZ Final Portfolio Value: 36068.72, Net: 1068.72, Percent: 3.05%, eachBSPos: 16100(è‚¡), stepPercent: 5.26%, benchmarkPrice: 0.95(å…ƒ) totalGridNum: 2(ä¸ª), Buy/Sell: 3/2, æŒä»“é‡  = 16100(è‚¡), ç°ä»· = 0.88(å…ƒ)"
16000,2,0.952,"0.927, 0.977","14832.0, 30464.0",159652.SZ,35000,0.0536,0.88,1,0.9,35348.95999999999,"159652.SZ Final Portfolio Value: 35348.96, Net: 348.96, Percent: 1.00%, eachBSPos: 16000(è‚¡), stepPercent: 5.36%, benchmarkPrice: 0.95(å…ƒ) totalGridNum: 2(ä¸ª), Buy/Sell: 2/1, æŒä»“é‡  = 16000(è‚¡), ç°ä»· = 0.88(å…ƒ)"
16000,2,0.952,"0.927, 0.976","14832.0, 30448.0",159652.SZ,35000,0.0533,0.88,1,0.9,35348.95999999999,"159652.SZ Final Portfolio Value: 35348.96, Net: 348.96, Percent: 1.00%, eachBSPos: 16000(è‚¡), stepPercent: 5.33%, benchmarkPrice: 0.95(å…ƒ) totalGridNum: 2(ä¸ª), Buy/Sell: 2/1, æŒä»“é‡  = 16000(è‚¡), ç°ä»· = 0.88(å…ƒ)"
16000,2,0.952,"0.927, 0.977","14832.0, 30464.0",159652.SZ,35000,0.0534,0.88,1,0.9,35348.95999999999,"159652.SZ Final Portfolio Value: 35348.96, Net: 348.96, Percent: 1.00%, eachBSPos: 16000(è‚¡), stepPercent: 5.34%, benchmarkPrice: 0.95(å…ƒ) totalGridNum: 2(ä¸ª), Buy/Sell: 2/1, æŒä»“é‡  = 16000(è‚¡), ç°ä»· = 0.88(å…ƒ)"
16000,2,0.952,"0.927, 0.976","14832.0, 30448.0",159652.SZ,35000,0.0531,0.88,1,0.9,36062.07999999999,"159652.SZ Final Portfolio Value: 36062.08, Net: 1062.08, Percent: 3.03%, eachBSPos: 16000(è‚¡), stepPercent: 5.31%, benchmarkPrice: 0.95(å…ƒ) totalGridNum: 2(ä¸ª), Buy/Sell: 3/2, æŒä»“é‡  = 16000(è‚¡), ç°ä»· = 0.88(å…ƒ)"
16000,2,0.952,"0.927, 0.977","14832.0, 30464.0",159652.SZ,35000,0.0539,0.88,1,0.9,35348.95999999999,"159652.SZ Final Portfolio Value: 35348.96, Net: 348.96, Percent: 1.00%, eachBSPos: 16000(è‚¡), stepPercent: 5.39%, benchmarkPrice: 0.95(å…ƒ) totalGridNum: 2(ä¸ª), Buy/Sell: 2/1, æŒä»“é‡  = 16000(è‚¡), ç°ä»· = 0.88(å…ƒ)"
16000,2,0.952,"0.927, 0.977","14832.0, 30464.0",159652.SZ,35000,0.0538,0.88,1,0.9,35348.95999999999,"159652.SZ Final Portfolio Value: 35348.96, Net: 348.96, Percent: 1.00%, eachBSPos: 16000(è‚¡), stepPercent: 5.38%, benchmarkPrice: 0.95(å…ƒ) totalGridNum: 2(ä¸ª), Buy/Sell: 2/1, æŒä»“é‡  = 16000(è‚¡), ç°ä»· = 0.88(å…ƒ)"
16000,2,0.952,"0.927, 0.977","14832.0, 30464.0",159652.SZ,35000,0.0537,0.88,1,0.9,35348.95999999999,"159652.SZ Final Portfolio Value: 35348.96, Net: 348.96, Percent: 1.00%, eachBSPos: 16000(è‚¡), stepPercent: 5.37%, benchmarkPrice: 0.95(å…ƒ) totalGridNum: 2(ä¸ª), Buy/Sell: 2/1, æŒä»“é‡  = 16000(è‚¡), ç°ä»· = 0.88(å…ƒ)"
16000,2,0.953,"0.928, 0.978","14848.0, 30496.0",159652.SZ,35000,0.0542,0.88,1,0.9,35348.95999999999,"159652.SZ Final Portfolio Value: 35348.96, Net: 348.96, Percent: 1.00%, eachBSPos: 16000(è‚¡), stepPercent: 5.42%, benchmarkPrice: 0.95(å…ƒ) totalGridNum: 2(ä¸ª), Buy/Sell: 2/1, æŒä»“é‡  = 16000(è‚¡), ç°ä»· = 0.88(å…ƒ)"
16000,2,0.953,"0.928, 0.978","14848.0, 30496.0",159652.SZ,35000,0.054,0.88,1,0.9,35348.95999999999,"159652.SZ Final Portfolio Value: 35348.96, Net: 348.96, Percent: 1.00%, eachBSPos: 16000(è‚¡), stepPercent: 5.40%, benchmarkPrice: 0.95(å…ƒ) totalGridNum: 2(ä¸ª), Buy/Sell: 2/1, æŒä»“é‡  = 16000(è‚¡), ç°ä»· = 0.88(å…ƒ)"
16000,2,0.953,"0.928, 0.978","14848.0, 30496.0",159652.SZ,35000,0.0541,0.88,1,0.9,35348.95999999999,"159652.SZ Final Portfolio Value: 35348.96, Net: 348.96, Percent: 1.00%, eachBSPos: 16000(è‚¡), stepPercent: 5.41%, benchmarkPrice: 0.95(å…ƒ) totalGridNum: 2(ä¸ª), Buy/Sell: 2/1, æŒä»“é‡  = 16000(è‚¡), ç°ä»· = 0.88(å…ƒ)"
16000,2,0.954,"0.928, 0.979","14848.0, 30512.0",159652.SZ,35000,0.0546,0.88,1,0.9,35348.95999999999,"159652.SZ Final Portfolio Value: 35348.96, Net: 348.96, Percent: 1.00%, eachBSPos: 16000(è‚¡), stepPercent: 5.46%, benchmarkPrice: 0.95(å…ƒ) totalGridNum: 2(ä¸ª), Buy/Sell: 2/1, æŒä»“é‡  = 16000(è‚¡), ç°ä»· = 0.88(å…ƒ)"
16000,2,0.955,"0.929, 0.981","14864.0, 30560.0",159652.SZ,35000,0.0556,0.88,1,0.9,36582.880000000005,"159652.SZ Final Portfolio Value: 36582.88, Net: 1582.88, Percent: 4.52%, eachBSPos: 16000(è‚¡), stepPercent: 5.56%, benchmarkPrice: 0.95(å…ƒ) totalGridNum: 2(ä¸ª), Buy/Sell: 2/2, æŒä»“é‡  = 0(è‚¡), ç°ä»· = 0.93(å…ƒ)"
16000,2,0.954,"0.928, 0.979","14848.0, 30512.0",159652.SZ,35000,0.0551,0.88,1,0.9,36582.880000000005,"159652.SZ Final Portfolio Value: 36582.88, Net: 1582.88, Percent: 4.52%, eachBSPos: 16000(è‚¡), stepPercent: 5.51%, benchmarkPrice: 0.95(å…ƒ) totalGridNum: 2(ä¸ª), Buy/Sell: 2/2, æŒä»“é‡  = 0(è‚¡), ç°ä»· = 0.93(å…ƒ)"
16000,2,0.955,"0.929, 0.981","14864.0, 30560.0",159652.SZ,35000,0.0558,0.88,1,0.9,36582.880000000005,"159652.SZ Final Portfolio Value: 36582.88, Net: 1582.88, Percent: 4.52%, eachBSPos: 16000(è‚¡), stepPercent: 5.58%, benchmarkPrice: 0.95(å…ƒ) totalGridNum: 2(ä¸ª), Buy/Sell: 2/2, æŒä»“é‡  = 0(è‚¡), ç°ä»· = 0.93(å…ƒ)"
16000,2,0.955,"0.929, 0.981","14864.0, 30560.0",159652.SZ,35000,0.0559,0.88,1,0.9,36582.880000000005,"159652.SZ Final Portfolio Value: 36582.88, Net: 1582.88, Percent: 4.52%, eachBSPos: 16000(è‚¡), stepPercent: 5.59%, benchmarkPrice: 0.95(å…ƒ) totalGridNum: 2(ä¸ª), Buy/Sell: 2/2, æŒä»“é‡  = 0(è‚¡), ç°ä»· = 0.93(å…ƒ)"
16000,2,0.955,"0.929, 0.981","14864.0, 30560.0",159652.SZ,35000,0.0561,0.88,1,0.9,36582.880000000005,"159652.SZ Final Portfolio Value: 36582.88, Net: 1582.88, Percent: 4.52%, eachBSPos: 16000(è‚¡), stepPercent: 5.61%, benchmarkPrice: 0.95(å…ƒ) totalGridNum: 2(ä¸ª), Buy/Sell: 2/2, æŒä»“é‡  = 0(è‚¡), ç°ä»· = 0.93(å…ƒ)"
15900,2,0.956,"0.93, 0.983","14787.0, 30416.7",159652.SZ,35000,0.0568,0.88,1,0.9,36572.987,"159652.SZ Final Portfolio Value: 36572.99, Net: 1572.99, Percent: 4.49%, eachBSPos: 15900(è‚¡), stepPercent: 5.68%, benchmarkPrice: 0.96(å…ƒ) totalGridNum: 2(ä¸ª), Buy/Sell: 2/2, æŒä»“é‡  = 0(è‚¡), ç°ä»· = 0.93(å…ƒ)"
"

15900,2,0.956,"0.93, 0.982","14787.0, 30400.8",159652.SZ,35000,0.0564,0.88,1,0.9,36572.987,"159652.SZ Final Portfolio Value: 36572.99, Net: 1572.99, Percent: 4.49%, eachBSPos: 15900(è‚¡), stepPercent: 5.64%, benchmarkPrice: 0.96(å…ƒ) totalGridNum: 2(ä¸ª), Buy/Sell: 2/2, æŒä»“é‡  = 0(è‚¡), ç°ä»· = 0.93(å…ƒ)"
15900,2,0.956,"0.93, 0.983","14787.0, 30416.7",159652.SZ,35000,0.0566,0.88,1,0.9,36572.987,"159652.SZ Final Portfolio Value: 36572.99, Net: 1572.99, Percent: 4.49%, eachBSPos: 15900(è‚¡), stepPercent: 5.66%, benchmarkPrice: 0.96(å…ƒ) totalGridNum: 2(ä¸ª), Buy/Sell: 2/2, æŒä»“é‡  = 0(è‚¡), ç°ä»· = 0.93(å…ƒ)"
)"
15900,2,0.958,"0.931, 0.985","14802.9, 30464.4",159652.SZ,35000,0.0577,0.88,1,0.9,36687.626,"159652.SZ Final Portfolio Value: 36687.63, Net: 1687.63, Percent: 4.82%, eachBSPos: 15900(è‚¡), stepPercent: 5.77%, benchmarkPrice: 0.96(å…ƒ) totalGridNum: 2(ä¸ª), Buy/Sell: 3/2, æŒä»“é‡  = 15900(è‚¡), ç°ä»· = 0.88(å…ƒ)"
15900,2,0.958,"0.931, 0.985","14802.9, 30464.4",159652.SZ,35000,0.0584,0.88,1,0.9,36687.626,"159652.SZ Final Portfolio Value: 36687.63, Net: 1687.63, Percent: 4.82%, eachBSPos: 15900(è‚¡), stepPercent: 5.84%, benchmarkPrice: 0.96(å…ƒ) totalGridNum: 2(ä¸ª), Buy/Sell: 3/2, æŒä»“é‡  = 15900(è‚¡), ç°ä»· = 0.88(å…ƒ)"
15900,2,0.958,"0.931, 0.985","14802.9, 30464.4",159652.SZ,35000,0.058,0.88,1,0.9,36687.626,"159652.SZ Final Portfolio Value: 36687.63, Net: 1687.63, Percent: 4.82%, eachBSPos: 15900(è‚¡), stepPercent: 5.80%, benchmarkPrice: 0.96(å…ƒ) totalGridNum: 2(ä¸ª), Buy/Sell: 3/2, æŒä»“é‡  = 15900(è‚¡), ç°ä»· = 0.88(å…ƒ)"

15900,2,0.96,"0.932, 0.987","14818.8, 30512.1",159652.SZ,35000,0.0586,0.88,1,0.9,36687.626,"159652.SZ Final Portfolio Value: 36687.63, Net: 1687.63, Percent: 4.82%, eachBSPos: 15900(è‚¡), stepPercent: 5.86%, benchmarkPrice: 0.96(å…ƒ) totalGridNum: 2(ä¸ª), Buy/Sell: 3/2, æŒä»“é‡  = 15900(è‚¡), ç°ä»· = 0.88(å…ƒ)"

15800,2,0.96,"0.932, 0.988","14725.6, 30336.0",159652.SZ,35000,0.0596,0.88,1,0.9,36677.012,"159652.SZ Final Portfolio Value: 36677.01, Net: 1677.01, Percent: 4.79%, eachBSPos: 15800(è‚¡), stepPercent: 5.96%, benchmarkPrice: 0.96(å…ƒ) totalGridNum: 2(ä¸ª), Buy/Sell: 3/2, æŒä»“é‡  = 15800(è‚¡), ç°ä»· = 0.88(å…ƒ)"
15900,2,0.96,"0.932, 0.987","14818.8, 30512.1",159652.SZ,35000,0.0592,0.88,1,0.9,36687.626,"159652.SZ Final Portfolio Value: 36687.63, Net: 1687.63, Percent: 4.82%, eachBSPos: 15900(è‚¡), stepPercent: 5.92%, benchmarkPrice: 0.96(å…ƒ) totalGridNum: 2(ä¸ª), Buy/Sell: 3/2, æŒä»“é‡  = 15900(è‚¡), ç°ä»· = 0.88(å…ƒ)"
15900,2,0.96,"0.932, 0.987","14818.8, 30512.1",159652.SZ,35000,0.0594,0.88,1,0.9,36687.626,"159652.SZ Final Portfolio Value: 36687.63, Net: 1687.63, Percent: 4.82%, eachBSPos: 15900(è‚¡), stepPercent: 5.94%, benchmarkPrice: 0.96(å…ƒ) totalGridNum: 2(ä¸ª), Buy/Sell: 3/2, æŒä»“é‡  = 15900(è‚¡), ç°ä»· = 0.88(å…ƒ)"
15800,2,0.961,"0.933, 0.989","14741.4, 30367.6",159652.SZ,35000,0.0601,0.88,1,0.9,36677.012,"159652.SZ Final Portfolio Value: 36677.01, Net: 1677.01, Percent: 4.79%, eachBSPos: 15800(è‚¡), stepPercent: 6.01%, benchmarkPrice: 0.96(å…ƒ) totalGridNum: 2(ä¸ª), Buy/Sell: 3/2, æŒä»“é‡  = 15800(è‚¡), ç°ä»· = 0.88(å…ƒ)"
15800,2,0.961,"0.933, 0.989","14741.4, 30367.6",159652.SZ,35000,0.0598,0.88,1,0.9,36677.012,"159652.SZ Final Portfolio Value: 36677.01, Net: 1677.01, Percent: 4.79%, eachBSPos: 15800(è‚¡), stepPercent: 5.98%, benchmarkPrice: 0.96(å…ƒ) totalGridNum: 2(ä¸ª), Buy/Sell: 3/2, æŒä»“é‡  = 15800(è‚¡), ç°ä»· = 0.88(å…ƒ)"
15800,2,0.962,"0.934, 0.991","14757.2, 30415.0",159652.SZ,35000,0.061,0.88,1,0.9,36677.012,"159652.SZ Final Portfolio Value: 36677.01, Net: 1677.01, Percent: 4.79%, eachBSPos: 15800(è‚¡), stepPercent: 6.10%, benchmarkPrice: 0.96(å…ƒ) totalGridNum: 2(ä¸ª), Buy/Sell: 3/2, æŒä»“é‡  = 15800(è‚¡), ç°ä»· = 0.88(å…ƒ)"
15800,2,0.962,"0.934, 0.991","14757.2, 30415.0",159652.SZ,35000,0.0608,0.88,1,0.9,36677.012,"159652.SZ Final Portfolio Value: 36677.01, Net: 1677.01, Percent: 4.79%, eachBSPos: 15800(è‚¡), stepPercent: 6.08%, benchmarkPrice: 0.96(å…ƒ) totalGridNum: 2(ä¸ª), Buy/Sell: 3/2, æŒä»“é‡  = 15800(è‚¡), ç°ä»· = 0.88(å…ƒ)"
15800,2,0.961,"0.933, 0.989","14741.4, 30367.6",159652.SZ,35000,0.0604,0.88,1,0.9,36677.012,"159652.SZ Final Portfolio Value: 36677.01, Net: 1677.01, Percent: 4.79%, eachBSPos: 15800(è‚¡), stepPercent: 6.04%, benchmarkPrice: 0.96(å…ƒ) totalGridNum: 2(ä¸ª), Buy/Sell: 3/2, æŒä»“é‡  = 15800(è‚¡), ç°ä»· = 0.88(å…ƒ)"
15800,2,0.963,"0.934, 0.992","14757.2, 30430.8",159652.SZ,35000,0.0616,0.88,1,0.9,36677.012,"159652.SZ Final Portfolio Value: 36677.01, Net: 1677.01, Percent: 4.79%, eachBSPos: 15800(è‚¡), stepPercent: 6.16%, benchmarkPrice: 0.96(å…ƒ) totalGridNum: 2(ä¸ª), Buy/Sell: 3/2, æŒä»“é‡  = 15800(è‚¡), ç°ä»· = 0.88(å…ƒ)"
15800,2,0.963,"0.934, 0.992","14757.2, 30430.8",159652.SZ,35000,0.0618,0.88,1,0.9,36677.012,"159652.SZ Final Portfolio Value: 36677.01, Net: 1677.01, Percent: 4.79%, eachBSPos: 15800(è‚¡), stepPercent: 6.18%, benchmarkPrice: 0.96(å…ƒ) totalGridNum: 2(ä¸ª), Buy/Sell: 3/2, æŒä»“é‡  = 15800(è‚¡), ç°ä»· = 0.88(å…ƒ)"
15800,2,0.962,"0.934, 0.991","14757.2, 30415.0",159652.SZ,35000,0.0614,0.88,1,0.9,36677.012,"159652.SZ Final Portfolio Value: 36677.01, Net: 1677.01, Percent: 4.79%, eachBSPos: 15800(è‚¡), stepPercent: 6.14%, benchmarkPrice: 0.96(å…ƒ) totalGridNum: 2(ä¸ª), Buy/Sell: 3/2, æŒä»“é‡  = 15800(è‚¡), ç°ä»· = 0.88(å…ƒ)"
15800,2,0.962,"0.934, 0.991","14757.2, 30415.0",159652.SZ,35000,0.0611,0.88,1,0.9,36677.012,"159652.SZ Final Portfolio Value: 36677.01, Net: 1677.01, Percent: 4.79%, eachBSPos: 15800(è‚¡), stepPercent: 6.11%, benchmarkPrice: 0.96(å…ƒ) totalGridNum: 2(ä¸ª), Buy/Sell: 3/2, æŒä»“é‡  = 15800(è‚¡), ç°ä»· = 0.88(å…ƒ)"
15800,2,0.964,"0.935, 0.993","14773.0, 30462.4",159652.SZ,35000,0.062,0.88,1,0.9,36677.012,"159652.SZ Final Portfolio Value: 36677.01, Net: 1677.01, Percent: 4.79%, eachBSPos: 15800(è‚¡), stepPercent: 6.20%, benchmarkPrice: 0.96(å…ƒ) totalGridNum: 2(ä¸ª), Buy/Sell: 3/2, æŒä»“é‡  = 15800(è‚¡), ç°ä»· = 0.88(å…ƒ)"

15700,2,0.964,"0.935, 0.994","14679.5, 30285.3",159652.SZ,35000,0.0628,0.88,1,0.9,36666.398,"159652.SZ Final Portfolio Value: 36666.40, Net: 1666.40, Percent: 4.76%, eachBSPos: 15700(è‚¡), stepPercent: 6.28%, benchmarkPrice: 0.96(å…ƒ) totalGridNum: 2(ä¸ª), Buy/Sell: 3/2, æŒä»“é‡  = 15700(è‚¡), ç°ä»· = 0.88(å…ƒ)"
15700,2,0.966,"0.936, 0.995","14695.2, 30316.7",159652.SZ,35000,0.0633,0.88,1,0.9,36666.398,"159652.SZ Final Portfolio Value: 36666.40, Net: 1666.40, Percent: 4.76%, eachBSPos: 15700(è‚¡), stepPercent: 6.33%, benchmarkPrice: 0.97(å…ƒ) totalGridNum: 2(ä¸ª), Buy/Sell: 3/2, æŒä»“é‡  = 15700(è‚¡), ç°ä»· = 0.88(å…ƒ)"
15700,2,0.966,"0.936, 0.996","14695.2, 30332.4",159652.SZ,35000,0.0642,0.88,1,0.9,36666.398,"159652.SZ Final Portfolio Value: 36666.40, Net: 1666.40, Percent: 4.76%, eachBSPos: 15700(è‚¡), stepPercent: 6.42%, benchmarkPrice: 0.97(å…ƒ) totalGridNum: 2(ä¸ª), Buy/Sell: 3/2, æŒä»“é‡  = 15700(è‚¡), ç°ä»· = 0.88(å…ƒ)"
15700,2,0.966,"0.936, 0.996","14695.2, 30332.4",159652.SZ,35000,0.0639,0.88,1,0.9,36666.398,"159652.SZ Final Portfolio Value: 36666.40, Net: 1666.40, Percent: 4.76%, eachBSPos: 15700(è‚¡), stepPercent: 6.39%, benchmarkPrice: 0.97(å…ƒ) totalGridNum: 2(ä¸ª), Buy/Sell: 3/2, æŒä»“é‡  = 15700(è‚¡), ç°ä»· = 0.88(å…ƒ)"
15700,2,0.968,"0.937, 0.998","14710.9, 30379.5",159652.SZ,35000,0.0646,0.88,1,0.9,36666.398,"159652.SZ Final Portfolio Value: 36666.40, Net: 1666.40, Percent: 4.76%, eachBSPos: 15700(è‚¡), stepPercent: 6.46%, benchmarkPrice: 0.97(å…ƒ) totalGridNum: 2(ä¸ª), Buy/Sell: 3/2, æŒä»“é‡  = 15700(è‚¡), ç°ä»· = 0.88(å…ƒ)"
15700,2,0.967,"0.937, 0.997","14710.9, 30363.8",159652.SZ,35000,0.0645,0.88,1,0.9,36666.398,"159652.SZ Final Portfolio Value: 36666.40, Net: 1666.40, Percent: 4.76%, eachBSPos: 15700(è‚¡), stepPercent: 6.45%, benchmarkPrice: 0.97(å…ƒ) totalGridNum: 2(ä¸ª), Buy/Sell: 3/2, æŒä»“é‡  = 15700(è‚¡), ç°ä»· = 0.88(å…ƒ)"
15700,2,0.968,"0.938, 0.999","14726.6, 30410.9",159652.SZ,35000,0.0655,0.88,1,0.9,36666.398,"159652.SZ Final Portfolio Value: 36666.40, Net: 1666.40, Percent: 4.76%, eachBSPos: 15700(è‚¡), stepPercent: 6.55%, benchmarkPrice: 0.97(å…ƒ) totalGridNum: 2(ä¸ª), Buy/Sell: 3/2, æŒä»“é‡  = 15700(è‚¡), ç°ä»· = 0.88(å…ƒ)"
15700,2,0.968,"0.937, 0.998","14710.9, 30379.5",159652.SZ,35000,0.065,0.88,1,0.9,36666.398,"159652.SZ Final Portfolio Value: 36666.40, Net: 1666.40, Percent: 4.76%, eachBSPos: 15700(è‚¡), stepPercent: 6.50%, benchmarkPrice: 0.97(å…ƒ) totalGridNum: 2(ä¸ª), Buy/Sell: 3/2, æŒä»“é‡  = 15700(è‚¡), ç°ä»· = 0.88(å…ƒ)"

15600,2,0.969,"0.938, 1.0","14632.8, 30232.8",159652.SZ,35000,0.066,0.88,1,0.9,35648.492,"159652.SZ Final Portfolio Value: 35648.49, Net: 648.49, Percent: 1.85%, eachBSPos: 15600(è‚¡), stepPercent: 6.60%, benchmarkPrice: 0.97(å…ƒ) totalGridNum: 2(ä¸ª), Buy/Sell: 2/1, æŒä»“é‡  = 15600(è‚¡), ç°ä»· = 0.88(å…ƒ)"

15600,2,0.969,"0.938, 1.0","14632.8, 30232.8",159652.SZ,35000,0.0663,0.88,1,0.9,35648.492,"159652.SZ Final Portfolio Value: 35648.49, Net: 648.49, Percent: 1.85%, eachBSPos: 15600(è‚¡), stepPercent: 6.63%, benchmarkPrice: 0.97(å…ƒ) totalGridNum: 2(ä¸ª), Buy/Sell: 2/1, æŒä»“é‡  = 15600(è‚¡), ç°ä»· = 0.88(å…ƒ)"
